Datetime,ID_Pozo,Temp_Fluido_C,Presion_Succion_psi,Presion_Descarga_psi,Caudal_BPD,Vibracion_mm_s
2026-03-09 00:00:00,P-01,85.86654306244847,49.650335584457984,450.5432810348183,124.57056761986169,1.8309966121603942
2026-03-09 00:00:00,P-02,83.99867675403337,51.36570084984612,451.68988827966825,119.24086494777254,1.6639025357880175
2026-03-09 00:00:00,P-03,83.69451536222184,45.417097073524445,472.74964880204624,118.30141088582869,1.2022209734322247
2026-03-09 00:10:00,P-01,86.34714973920576,51.23783277757209,452.6944865656014,118.91068731613696,1.7166581569469963
2026-03-09 00:10:00,P-02,86.43454320472,50.3919586565531,456.87814099927573,117.70934601949067,1.0965576582250922
2026-03-09 00:10:00,P-03,81.07631867315213,63.68616158759985,711.7717127844311,120.4693742396039,1.76916488021697
2026-03-09 00:20:00,P-01,83.65108782614043,48.53330412962551,451.69969513965003,123.75433971358126,1.5875250327868486
2026-03-09 00:20:00,P-02,84.02943589430589,50.669380702377374,460.7249949035695,120.05655181123511,1.6337310810979728
2026-03-09 00:20:00,P-03,81.76710178381559,44.451728303928,421.79976697285855,121.20735437162475,1.3083656488774036
2026-03-09 00:30:00,P-01,87.28210573885394,49.567350202073136,449.32902188041027,117.37278786961433,1.9727058129204584
2026-03-09 00:30:00,P-02,84.50106803557964,50.14406865016891,442.6320805525929,119.80649952949122,1.710826492969654
2026-03-09 00:30:00,P-03,85.62896278059492,39.47581759915573,411.8474544130239,117.36718922050274,1.5627749189029727
2026-03-09 00:40:00,P-01,87.925881688944,50.2226559765919,448.6167299789004,120.73593346692256,1.5786991303557099
2026-03-09 00:40:00,P-02,84.46232139362257,51.347341521455746,440.23566090354547,115.35133211197197,1.430957389360368
2026-03-09 00:40:00,P-03,86.51411206576661,42.092076145834675,450.4674957983033,117.78978772071088,1.4869214269402389
2026-03-09 00:50:00,P-01,84.58958997508681,50.048950104776765,456.3376420641671,114.28027554045602,1.5301452051937354
2026-03-09 00:50:00,P-02,87.97064641054737,50.055992743547115,465.1430363573026,118.8971056747694,1.8018395323345149
2026-03-09 00:50:00,P-03,85.7653233628543,48.21265627664531,478.0506496025923,116.01385503235359,1.4800396478757532
2026-03-09 01:00:00,P-01,84.74186092015319,49.672981204649815,440.94140107914,111.40683254457014,1.7759468220876982
2026-03-09 01:00:00,P-02,84.31396638697156,49.24818005863698,447.615079046519,116.87933049496189,1.2983189593334639
2026-03-09 01:00:00,P-03,85.55173230831419,54.978131946998595,396.93197651837164,121.1557549475672,1.3286982183446439
2026-03-09 01:10:00,P-01,82.65326023260333,50.626603763069625,457.336035624176,123.26017864911142,1.9005492794452532
2026-03-09 01:10:00,P-02,85.51097368852543,53.02822866186462,452.09034165795777,119.4937125666729,1.517035976422555
2026-03-09 01:10:00,P-03,84.54327038333895,53.704111720123215,568.8015674379858,119.66957816278287,1.324650988960665
2026-03-09 01:20:00,P-01,84.6257131386846,49.97012917916505,446.078381143491,122.13847564003242,1.5165467015348786
2026-03-09 01:20:00,P-02,85.40729533779732,50.66551651371966,454.0872576802765,126.86982376791579,1.940001206487901
2026-03-09 01:20:00,P-03,82.4641121586813,72.66009933958831,400.8629300035306,119.97894207614227,1.2895240012154883
2026-03-09 01:30:00,P-01,85.80144146800971,50.34472464566741,453.38454855355326,118.55766743203635,1.2455052320169142
2026-03-09 01:30:00,P-02,86.78180244100963,48.82333791157307,445.49606199470793,124.10107183430864,1.3482372206843094
2026-03-09 01:30:00,P-03,82.38400385677403,52.60635729561931,347.23098041185847,120.40312218492244,1.4375889111646714
2026-03-09 01:40:00,P-01,85.69151645654858,50.987087863131954,459.15376949787395,118.42010241212317,1.5446753231301404
2026-03-09 01:40:00,P-02,84.61236598321496,49.53451378061907,453.2006171972149,120.15148724629238,1.4147782664247135
2026-03-09 01:40:00,P-03,86.96652587773815,46.4995014596207,615.2913485633097,119.96055920013734,1.7421749680550502
2026-03-09 01:50:00,P-01,84.66321652082415,49.4199671056577,443.39145090791834,112.60907413901081,1.4491373052718084
2026-03-09 01:50:00,P-02,85.02223305029636,50.56003206246996,454.46165414880477,117.57599207967445,1.392370129238962
2026-03-09 01:50:00,P-03,86.29023317289177,52.4291999814825,458.74208208507383,122.87138436673759,1.4495881240163642
2026-03-09 02:00:00,P-01,86.48303900675593,48.637548810974685,452.43641268743363,120.82140558607799,1.8387583932472995
2026-03-09 02:00:00,P-02,82.86029550605863,51.90660264305749,439.2646077180409,119.31119776149,1.283150490296666
2026-03-09 02:00:00,P-03,83.14239924340703,49.59151458215881,368.7714631047076,120.27219239765071,1.5860836359129284
2026-03-09 02:10:00,P-01,84.57322637931226,49.95703101030506,458.2102575135552,117.80474814387975,1.1611687611616384
2026-03-09 02:10:00,P-02,85.14757627215532,50.04638007496132,450.23276598542645,119.77662358829052,1.1824131491775232
2026-03-09 02:10:00,P-03,84.76564822373597,41.14059507263415,371.6823492879963,124.6771670338658,1.533587413765005
2026-03-09 02:20:00,P-01,83.50298098149754,49.82575126605372,448.48883742981087,116.11545038356789,1.4948719070216994
2026-03-09 02:20:00,P-02,85.40931589258608,49.55296500304063,449.00625622800976,119.75525630994561,1.484896679509599
2026-03-09 02:20:00,P-03,82.1006196697966,40.88544461990983,418.69197071831536,119.17065704686948,1.5953158613327516
2026-03-09 02:30:00,P-01,85.72694001265326,48.49022865202605,453.1439194339219,121.4115665519784,1.5015496799727615
2026-03-09 02:30:00,P-02,86.0986901391075,49.6020877638173,438.0105289039096,122.26257663827778,1.16682993967083
2026-03-09 02:30:00,P-03,82.26406657886918,51.57805818557286,391.09017728334715,117.66346241031842,1.7274894149878866
2026-03-09 02:40:00,P-01,83.863190174909,50.90211166852602,450.90994569629135,113.62618485194517,1.6578018985767753
2026-03-09 02:40:00,P-02,82.94593550321378,49.54933679168216,441.4427469630734,120.44670626607385,1.7078813480703667
2026-03-09 02:40:00,P-03,81.73661648174907,69.55140709924781,9999.0,116.67093617427037,1.5325949894663502
2026-03-09 02:50:00,P-01,85.80150790617868,50.31444765506507,448.2191329423796,123.19963430074996,1.5991493535909767
2026-03-09 02:50:00,P-02,86.12458780997477,48.990966238483274,456.5746208181815,122.79100308280074,1.610977747702422
2026-03-09 02:50:00,P-03,82.90231865640624,48.581007281928116,511.8346722031936,117.74531989550995,1.560292928019986
2026-03-09 03:00:00,P-01,84.76573869476003,48.84297639917548,449.0165760795497,116.66473420522107,1.642684868655277
2026-03-09 03:00:00,P-02,81.18372454467098,48.26162349083143,457.27677168996394,124.516909830834,1.644891480341799
2026-03-09 03:00:00,P-03,84.6922153942927,34.62839042090822,380.34838835183876,119.3107439871471,1.7956119885428128
2026-03-09 03:10:00,P-01,86.44108355829948,51.4000683021544,456.78125924866595,120.6538132101576,1.7106854891018841
2026-03-09 03:10:00,P-02,87.11254910327688,49.73431140184464,447.5048436168246,119.90097705645577,1.3044847949043161
2026-03-09 03:10:00,P-03,85.43581650580425,46.569182360413954,477.9039083960053,120.7797514947121,1.7637392376964884
2026-03-09 03:20:00,P-01,83.88848540160282,50.547911376502114,442.09880950611705,121.31052452189158,1.2578715322580285
2026-03-09 03:20:00,P-02,84.4280604172266,50.4977310539198,449.1455120040879,119.52871215682883,1.4585388551043057
2026-03-09 03:20:00,P-03,84.85754449504013,54.31542183247478,787.11538880899,121.55115470491748,1.46070538702128
2026-03-09 03:30:00,P-01,85.99772896182948,50.572029475203685,447.3224366517111,119.46927884689175,1.454907466520414
2026-03-09 03:30:00,P-02,82.72886848672785,49.89664179476422,447.90967823841544,122.3512247930802,1.863124705472325
2026-03-09 03:30:00,P-03,85.61134699800877,50.04828278614159,394.7720259211262,122.24416876743614,1.4404099097862129
2026-03-09 03:40:00,P-01,84.03953405974666,51.63183700250812,451.54458569015804,120.78907334125952,1.2244728114449892
2026-03-09 03:40:00,P-02,85.45998259220127,50.61971398332275,452.7565589433244,116.60134555907642,1.139351701253133
2026-03-09 03:40:00,P-03,87.6382833655811,57.50514212999375,297.7594223935689,122.9054867022288,1.2722729316638424
2026-03-09 03:50:00,P-01,83.19437124468311,50.188687800704024,445.07096412282357,119.77707912522864,1.6934558035642062
2026-03-09 03:50:00,P-02,86.24867091157026,49.807960698002894,450.09658533609064,125.46926797256847,1.4089281971037346
2026-03-09 03:50:00,P-03,84.78408041240225,64.08881385870903,359.8404581138911,117.64326018659439,1.486632561628323
2026-03-09 04:00:00,P-01,84.18176394254245,49.07875277292811,450.5326128241216,119.11516645120176,1.7043285139062987
2026-03-09 04:00:00,P-02,87.28369138007837,50.16057212772721,442.74537685461246,118.18693866399298,1.7277276295421622
2026-03-09 04:00:00,P-03,87.58145258769606,49.33257051327544,451.3227455585851,118.52424197390282,1.4399149439477477
2026-03-09 04:10:00,P-01,84.78173147844394,49.75874443679788,449.48942041293697,117.82610765143855,1.2803348903235636
2026-03-09 04:10:00,P-02,83.29629682809595,50.929881523108165,457.3386153015923,118.72103442057794,1.891660634157423
2026-03-09 04:10:00,P-03,85.27116567774685,60.59398313729535,402.5564981224332,123.22263687561201,1.4463635759723028
2026-03-09 04:20:00,P-01,86.29247095784322,48.83749876079547,446.69708060623583,123.69948018112976,1.3022275621078776
2026-03-09 04:20:00,P-02,85.29503406058537,51.28126199507963,456.3089825243789,125.13393485266127,1.4303711625153919
2026-03-09 04:20:00,P-03,85.04024225011699,66.23215761896898,353.08473712296075,120.80193793441552,1.3309702613670769
2026-03-09 04:30:00,P-01,84.94250302125138,50.100444225849046,450.6943718810481,125.09241543744852,1.4688072655472006
2026-03-09 04:30:00,P-02,85.40641856954835,49.4952145352747,444.6535858523612,116.81271198591044,1.7022027970495817
2026-03-09 04:30:00,P-03,87.6871626475011,44.83723581973782,660.5792650770883,112.25417661370045,1.6641889722344247
2026-03-09 04:40:00,P-01,84.96664617671574,50.183650321414326,457.08281428190315,120.73995490731923,1.652382574265911
2026-03-09 04:40:00,P-02,84.53044564006613,49.63101538685853,453.2742778169663,123.98352362271181,1.3785045358366326
2026-03-09 04:40:00,P-03,82.611649039566,47.5805280956736,371.5064748925976,118.27253404033128,1.6280833260642518
2026-03-09 04:50:00,P-01,86.92489806452151,48.39126467364418,449.08255213200727,118.99599436737338,1.5776670830160289
2026-03-09 04:50:00,P-02,85.44487495267518,51.475186549413266,448.80482187506976,120.69830478810269,1.7542103640127469
2026-03-09 04:50:00,P-03,84.21048239125975,56.9082548779937,428.53082125656266,117.53540672424397,1.0386889677961197
2026-03-09 05:00:00,P-01,84.65556229464705,50.70459770207654,445.4914881560193,120.83404286992875,1.9286675057800649
2026-03-09 05:00:00,P-02,83.5501858183824,50.8534106167826,459.18710866637207,123.10977516845861,1.5354656419798318
2026-03-09 05:00:00,P-03,84.33290827287162,49.208666990825634,655.2459205421198,118.49797700964164,1.7573040953811558
2026-03-09 05:10:00,P-01,81.72171968360308,50.50406844304761,434.8986978558175,122.79305360659886,1.53182207542595
2026-03-09 05:10:00,P-02,81.68349412092242,49.71945264459777,452.70507639278355,122.6123665258976,1.1949320678270623
2026-03-09 05:10:00,P-03,83.64193235383857,55.69404201745003,493.6918958938787,117.70325041483511,1.669148769555721
2026-03-09 05:20:00,P-01,85.81836965662316,50.2345568370818,446.5639362427844,116.23775386487215,1.5978996068838858
2026-03-09 05:20:00,P-02,83.40873206471585,48.84759991640837,441.8369479672182,117.82801370114578,1.4869187418636094
2026-03-09 05:20:00,P-03,88.41338899513781,38.67834486626775,574.3150241699249,122.77487445749695,1.3559556347903816
2026-03-09 05:30:00,P-01,82.72065142681448,49.92510579981591,449.3495558791538,119.96307744806325,1.4904834951275607
2026-03-09 05:30:00,P-02,85.64794259515979,48.56248470245631,453.2781130093707,119.46042502433062,1.526376793062042
2026-03-09 05:30:00,P-03,82.25625570453498,49.82539187242781,447.1623817449606,124.33026972517128,1.3669662739593764
2026-03-09 05:40:00,P-01,84.76385203474766,49.908486294855194,454.778451963026,121.13848139507331,1.3899108011423964
2026-03-09 05:40:00,P-02,81.89286062974416,48.94104742049225,446.94725731750816,123.00999383196576,1.3242306256250838
2026-03-09 05:40:00,P-03,84.87269161428163,66.58810738954732,415.78139661813407,121.92290527844715,1.4079761031136404
2026-03-09 05:50:00,P-01,87.70953538279484,50.50971945428091,446.0109344550456,116.98740191820565,1.771422650679587
2026-03-09 05:50:00,P-02,83.98549516204791,48.15028445152065,449.1433363290436,119.36128272449857,1.7004231946281354
2026-03-09 05:50:00,P-03,83.59538118373808,41.48109748509714,575.0986367395287,122.61132400829209,1.719401406335853
2026-03-09 06:00:00,P-01,82.93540840860382,50.79587113239768,452.604459619647,117.10039265562452,1.4813808216018687
2026-03-09 06:00:00,P-02,86.46148299078477,49.82612171917303,443.54954371390807,120.10107941038673,1.509686445778679
2026-03-09 06:00:00,P-03,83.59690108674019,50.54091910733428,554.4925944458985,125.39466354987826,1.4685394848896922
2026-03-09 06:10:00,P-01,86.98748325058507,48.687737074161426,438.76220102499116,121.98739775082139,1.3096376676381685
2026-03-09 06:10:00,P-02,82.46788499794802,49.25092138173629,446.06918937355255,120.5809511214494,1.6741447416232624
2026-03-09 06:10:00,P-03,86.4689806277411,49.99086167039334,472.5160177061702,121.0094592685642,1.5165899991456826
2026-03-09 06:20:00,P-01,84.16098286292471,48.807694271248316,458.1721840264833,120.66795717829997,1.1961763932255716
2026-03-09 06:20:00,P-02,84.80105241005334,50.02395303184315,448.2936958781472,119.03705499972041,1.5196404868245628
2026-03-09 06:20:00,P-03,83.13222406428632,57.69402993439117,372.5540611574092,115.08230368269581,1.7800534251029627
2026-03-09 06:30:00,P-01,85.42302214174921,51.00457648938996,454.92369479281297,123.94182212223998,1.641465422375799
2026-03-09 06:30:00,P-02,84.26451051018707,52.23226636833522,448.0603577771338,119.72905154514223,1.6182899417990577
2026-03-09 06:30:00,P-03,83.61498437867473,54.187565127599854,518.255699439489,122.36705504727031,1.3123208001047066
2026-03-09 06:40:00,P-01,82.97665251403562,51.308191838303195,440.1467676926053,121.87355254785756,1.6240082492072434
2026-03-09 06:40:00,P-02,84.84623800468508,48.85103825267662,447.887781096885,124.6171831872744,1.6018388811890556
2026-03-09 06:40:00,P-03,83.18497810165674,55.159794004625795,461.82448044455776,120.62683591089169,1.6688705475675438
2026-03-09 06:50:00,P-01,80.22870971390601,49.296505339151445,438.2486071254103,124.42458147751877,1.1241854341279838
2026-03-09 06:50:00,P-02,86.4231080003693,50.34391546753571,441.3332302591669,120.51121824773749,1.8132033974080208
2026-03-09 06:50:00,P-03,88.02128927139687,50.72725561585449,300.0565411082781,115.2963249148282,1.630882501612833
2026-03-09 07:00:00,P-01,87.71357233280018,50.70766159545193,455.38763853201266,124.25074423623022,1.553399551867887
2026-03-09 07:00:00,P-02,86.86035044690544,49.8643148108938,458.795104778586,117.41359304852348,1.3374985550242093
2026-03-09 07:00:00,P-03,83.58168558312568,94.93798232383642,397.57491036328787,118.46826763807736,1.6931583117093587
2026-03-09 07:10:00,P-01,86.18652329974172,50.09766561351584,451.51794947614707,116.81334382003571,1.3868722232253283
2026-03-09 07:10:00,P-02,84.40410687345282,51.458244112359,446.9409408276393,117.53358317561553,1.2974849580324512
2026-03-09 07:10:00,P-03,84.49301802816632,57.55976697228623,327.17629737611463,117.33454043552925,1.5559537957810943
2026-03-09 07:20:00,P-01,88.6463020448643,50.1197210433811,449.5589109158003,121.44766834531023,1.44677712132081
2026-03-09 07:20:00,P-02,85.81352391261181,50.21214674028077,454.2065167793809,115.63404508938683,1.2587183102081498
2026-03-09 07:20:00,P-03,84.32190192591233,63.05899642664685,300.1395875705787,116.72935362968944,1.6983618891992942
2026-03-09 07:30:00,P-01,82.89851795132479,49.29073269239605,452.4791455492874,121.0906812638071,1.6881774484583723
2026-03-09 07:30:00,P-02,84.35550031966743,50.73560064631712,443.05651620117777,118.0460628522557,1.391701981309017
2026-03-09 07:30:00,P-03,82.99302843068973,49.2685045092069,474.4002073577105,121.19833305130155,1.3245340458869994
2026-03-09 07:40:00,P-01,86.9104769809462,48.34905361961563,452.5807068659119,121.25408068541803,1.3294474381697603
2026-03-09 07:40:00,P-02,79.2161570066938,50.203741637154614,456.34596329638185,120.175169733812,1.3788432471475272
2026-03-09 07:40:00,P-03,87.14067208863983,43.5942716772537,427.0326599140276,116.54208796474494,1.401907767317611
2026-03-09 07:50:00,P-01,83.93376226589473,49.2611939301612,450.51434517297616,119.04246162864742,1.094876084379199
2026-03-09 07:50:00,P-02,85.14266067105203,50.102269692112365,453.00734788966804,120.7241725557527,1.326764917197098
2026-03-09 07:50:00,P-03,80.85192936171809,50.52663286153698,449.6609500882119,120.11298884264183,1.4585696100445096
2026-03-09 08:00:00,P-01,81.9291311004611,49.509737562221005,449.2969576599121,123.29329830072388,1.5601493579395849
2026-03-09 08:00:00,P-02,87.68387845841623,48.75101549509698,450.59985120888524,122.36743683042465,1.5863298308352614
2026-03-09 08:00:00,P-03,89.57157008076541,38.57404518714163,406.205891294561,116.25199538455938,1.8283641761737925
2026-03-09 08:10:00,P-01,87.81953021506204,49.759811960378514,447.8258233876087,111.93755850479737,1.511172388095646
2026-03-09 08:10:00,P-02,85.00249988038475,48.96636822986326,455.1200264767869,117.38508993086913,1.6888738066331868
2026-03-09 08:10:00,P-03,85.72115404163806,45.59178992956156,334.03208209858735,118.13232449194577,1.2880309648479156
2026-03-09 08:20:00,P-01,86.15405907415283,50.41863088953116,452.69125424962266,120.7785864369314,1.599146664330284
2026-03-09 08:20:00,P-02,84.36702523360019,51.505420281961975,454.21009565234095,122.2691255530321,1.281744217546879
2026-03-09 08:20:00,P-03,81.27102239463674,42.51401288821417,291.3435612749056,118.98338908171783,1.5242763344767405
2026-03-09 08:30:00,P-01,87.80832530360411,48.036631526095135,450.367088777074,121.70591641197717,1.541485204815068
2026-03-09 08:30:00,P-02,85.52136912179382,49.3749859948693,450.04004588064817,120.6468800463177,1.283209485583217
2026-03-09 08:30:00,P-03,82.665029279315,63.43381428972357,518.9374437630937,124.92106066724473,1.306305715887968
2026-03-09 08:40:00,P-01,83.63677109948505,49.874793968352876,445.59966256356824,118.05937507549514,1.337730749209767
2026-03-09 08:40:00,P-02,84.81835743073377,49.78348102512928,450.9674072269646,123.04581040997775,1.6478338764959273
2026-03-09 08:40:00,P-03,87.83440449495467,47.673537894737024,388.7443344364037,124.66067378171378,1.2423967602665753
2026-03-09 08:50:00,P-01,84.40340916934046,49.62840353783194,451.44392738346426,120.71054881371806,1.3026290731762258
2026-03-09 08:50:00,P-02,82.58497868916781,49.292878071432156,446.7856916234994,118.32744280519337,1.5916382389177435
2026-03-09 08:50:00,P-03,87.43833359817285,48.59671926598287,731.7102242266835,120.79182567170484,1.6607550203039445
2026-03-09 09:00:00,P-01,84.10118858119296,51.17203114178053,446.3261912575246,125.22004889362745,1.5501117792371326
2026-03-09 09:00:00,P-02,85.95912458451426,50.88309950493837,455.32159511718794,119.6197356859638,1.5749580447945166
2026-03-09 09:00:00,P-03,84.88008024533822,47.27166962782027,367.55931561407874,119.57302550021672,1.613730996855756
2026-03-09 09:10:00,P-01,84.55944875064266,49.96496614560969,446.3201663251557,122.14761737047063,1.5087611102114087
2026-03-09 09:10:00,P-02,83.32883137049697,49.43008147319329,456.337428888417,117.78321179570133,1.7728721153338725
2026-03-09 09:10:00,P-03,86.97686141840954,69.38823472348629,422.6036331593173,119.13123524338341,1.2594019213654628
2026-03-09 09:20:00,P-01,83.7281051955808,50.552252532175615,447.77580740609096,120.55998380101524,1.8788351037491942
2026-03-09 09:20:00,P-02,84.20310806866756,50.74659256589006,449.93882177637425,120.66538436691151,1.5326140845736926
2026-03-09 09:20:00,P-03,85.18541370564762,53.460188512551774,466.964050502415,119.72302677895992,1.2659536788028098
2026-03-09 09:30:00,P-01,84.80256160016685,49.84477866891582,447.06677941255896,119.51296227167722,1.2948926433197412
2026-03-09 09:30:00,P-02,84.66310669620607,49.23297193439795,446.3468347352028,122.62641348571486,1.6063793687868544
2026-03-09 09:30:00,P-03,89.19083836866842,66.946208461485,579.7684395707449,119.42136344987094,1.6147133283744197
2026-03-09 09:40:00,P-01,85.72199003677815,49.591367570493084,450.9844886399575,124.16673278778735,2.036513651971328
2026-03-09 09:40:00,P-02,88.01774740762346,48.493504785859535,446.39450380812104,121.61258399462692,1.7542728800167653
2026-03-09 09:40:00,P-03,87.2745884037756,43.58645145321072,459.7561171254001,122.3688366145974,1.4132052418665049
2026-03-09 09:50:00,P-01,84.17198964918829,51.3123621387691,449.03226831940185,118.32863096570082,1.5066347804390456
2026-03-09 09:50:00,P-02,86.43843188496606,51.4736165649416,446.71697977402755,124.93662422814319,1.5178217852921656
2026-03-09 09:50:00,P-03,86.19531365630282,46.13970252128429,512.1400515988119,118.72501087570026,1.3986493976200096
2026-03-09 10:00:00,P-01,82.8202999716738,48.935130193946364,453.082724424865,119.8994265695027,1.4429781118771723
2026-03-09 10:00:00,P-02,86.67872333430589,49.765066203618886,447.6919638106637,118.46697047987001,1.3899388095089054
2026-03-09 10:00:00,P-03,83.66518673615735,46.54451960358233,364.68514696741016,122.08734333782868,1.5948395420913815
2026-03-09 10:10:00,P-01,84.76771892441297,49.43672683271048,456.7322465403725,124.04349278996783,1.29982182643802
2026-03-09 10:10:00,P-02,83.2795840589887,49.84576012823129,456.57957994329723,122.85887285062792,1.8106462642226246
2026-03-09 10:10:00,P-03,81.32090519016226,52.59098674583167,694.8538930242186,120.48693021931884,1.5454188102599171
2026-03-09 10:20:00,P-01,86.49369359817065,48.286071514777156,452.75557909262534,117.4588038976102,1.515250146902823
2026-03-09 10:20:00,P-02,84.5448378902898,52.7558925635536,450.91815053188697,119.79215095545803,1.3876883750121152
2026-03-09 10:20:00,P-03,83.04062294421449,39.42218753100989,326.0538539107642,118.37831027111012,1.6020296263411644
2026-03-09 10:30:00,P-01,85.79037574586133,49.54611062919371,453.91042479916655,115.93839932486439,1.8262204686628452
2026-03-09 10:30:00,P-02,86.08156881580368,50.81183353874794,445.1589526900757,114.96950888986748,1.2093016512206767
2026-03-09 10:30:00,P-03,82.82122632497567,47.146442362591095,431.27794289704093,121.29927501017784,1.3685100918844513
2026-03-09 10:40:00,P-01,86.13835927491878,49.72470420681983,452.2810626210723,122.58125606437217,1.50048964221884
2026-03-09 10:40:00,P-02,89.47103581230684,50.99450145258352,445.96499867123043,111.10206261636934,1.1978578883521283
2026-03-09 10:40:00,P-03,82.94622032950811,47.49118957074442,656.5137992699788,116.1861753487958,1.42801489404
2026-03-09 10:50:00,P-01,87.76028219665928,49.531439692494786,450.2379000016484,118.77661148817961,1.5002390933902703
2026-03-09 10:50:00,P-02,83.18690522948329,50.59778350718343,453.90468658417336,116.94713617343993,1.283190741843836
2026-03-09 10:50:00,P-03,84.1768140783232,58.229897044444705,490.71392268384665,126.57506999819901,1.6537727050043685
2026-03-09 11:00:00,P-01,87.46509595158922,47.184703964371984,441.2281274703774,122.09362880925931,1.660560697195903
2026-03-09 11:00:00,P-02,85.7914395917528,49.37492490689319,452.2449729943529,120.32241232531872,1.5229162881506328
2026-03-09 11:00:00,P-03,83.97887982365219,62.44540104273539,533.7498615033128,115.79017276156571,1.7624328634821904
2026-03-09 11:10:00,P-01,85.6890791342019,51.11910466108785,443.48507598755543,115.0060514189357,1.5060787824259454
2026-03-09 11:10:00,P-02,86.38099235953452,51.04054320377601,447.66647538596607,120.04994878466852,1.2919018298890363
2026-03-09 11:10:00,P-03,84.71786711313362,62.38544143183576,416.6612731514012,115.72746608293167,1.318764762153023
2026-03-09 11:20:00,P-01,85.87678475792251,50.19763964508167,452.31177756796995,122.93745417296007,1.783273274103708
2026-03-09 11:20:00,P-02,86.67418475766003,48.50674634311781,456.7778067418839,121.20717830946113,2.0013914096257692
2026-03-09 11:20:00,P-03,84.57616660041737,43.84846386121783,349.3890583738828,113.11055149356838,1.3251756695541697
2026-03-09 11:30:00,P-01,84.94366463890157,51.588242709603435,451.6576954454926,118.98561711311548,1.5910394708318163
2026-03-09 11:30:00,P-02,88.0298606535031,49.824717144877816,445.53360699229,115.38439996809414,1.4002948930203167
2026-03-09 11:30:00,P-03,85.51971650277706,61.76094750028602,721.1119993869925,119.88320158677693,1.8987191934120882
2026-03-09 11:40:00,P-01,85.77128173670738,49.481691862614994,447.00459122745406,120.18391075770825,1.2812357585672174
2026-03-09 11:40:00,P-02,87.61239997574506,50.955592748684,451.9394637955505,119.41581671790091,1.4814280377092746
2026-03-09 11:40:00,P-03,84.98636674913612,37.74163917712455,479.51678297666007,116.7600126039077,1.1677690640810483
2026-03-09 11:50:00,P-01,87.13187939095923,48.70164622055075,452.64180731112293,118.62657376990222,1.5048618689786442
2026-03-09 11:50:00,P-02,85.57276914873594,47.86010946856004,451.2542239618177,119.62416220512505,1.6717791905477828
2026-03-09 11:50:00,P-03,82.24327831191646,46.1961760816918,336.25541073186986,115.82348867272593,1.1938166130075571
2026-03-09 12:00:00,P-01,86.67665123519551,53.325067063043164,451.1766538826019,120.44921880121596,1.2998999128936273
2026-03-09 12:00:00,P-02,82.85528126886786,50.456864709698536,447.8032765962255,117.66706907263921,1.582369172541941
2026-03-09 12:00:00,P-03,85.7464637758697,38.9021047257194,402.0107144937371,120.44284176783947,1.360103820163466
2026-03-09 12:10:00,P-01,85.59469864973305,51.59437183705132,452.60930114290875,119.86549176031296,1.6446519654268412
2026-03-09 12:10:00,P-02,86.71796307292985,50.909829015856786,450.6753179028025,115.48850707864634,1.5130542806201581
2026-03-09 12:10:00,P-03,83.58764419799964,67.4650788760236,331.33072515706897,118.75933257293117,1.8010723704428049
2026-03-09 12:20:00,P-01,85.40351121307792,47.939367449533165,443.64705992480975,118.73299030725629,1.6360719034404108
2026-03-09 12:20:00,P-02,82.84504360817145,49.030602168430526,449.72054058803184,121.91241146972594,1.5058133365093103
2026-03-09 12:20:00,P-03,82.42604638753183,44.96352309803354,347.9520407445264,122.00698744699089,1.773499065265148
2026-03-09 12:30:00,P-01,87.74772319733233,48.973616936545056,442.40524856457506,122.3097304968038,1.4109280573893614
2026-03-09 12:30:00,P-02,84.61872522931682,48.40137025869892,449.5966919478665,120.4766483108442,1.5595756772692744
2026-03-09 12:30:00,P-03,86.64907400807274,38.03297308624825,458.22725198773185,121.31716476744703,1.202513266687899
2026-03-09 12:40:00,P-01,85.67781778064162,51.008702701935306,451.997155226595,115.60729250156045,1.7052336593795232
2026-03-09 12:40:00,P-02,83.33620856159351,48.837116872902634,448.574902916511,120.4237613313461,1.141168740894945
2026-03-09 12:40:00,P-03,88.41250974016727,49.9391762814853,404.91059268750746,121.72552270877777,1.5949180198938773
2026-03-09 12:50:00,P-01,84.4752143079449,50.3268276591714,449.6454928378623,121.21286518830867,2.024834536450694
2026-03-09 12:50:00,P-02,86.71933560478494,50.13297648657699,449.307686627727,119.45798851553657,1.7726748694101189
2026-03-09 12:50:00,P-03,85.54316335408325,38.45479504896676,502.6061347196397,120.4109540726733,1.3445024803747514
2026-03-09 13:00:00,P-01,84.14212916502854,49.29140288718316,446.7165880446484,123.89686774188714,1.3378644333375083
2026-03-09 13:00:00,P-02,86.6259512649592,50.25992686196003,439.7557740569181,115.76699044061534,1.3029935693807788
2026-03-09 13:00:00,P-03,81.7122494935965,32.03554339126631,434.4074512004426,115.09543265123565,1.711856270001552
2026-03-09 13:10:00,P-01,84.05258498505215,49.70213969709521,444.57633242125746,119.64916568121858,1.4196861033809727
2026-03-09 13:10:00,P-02,83.88222108157359,51.64544450717799,443.9601768027205,118.72218402686104,1.476103083303806
2026-03-09 13:10:00,P-03,84.31283480759772,57.6618379920416,377.78902773716686,123.65163736856607,1.5379300766251247
2026-03-09 13:20:00,P-01,85.44425899745256,49.054422511151,454.1740248045499,121.59357761588274,1.3480131095625596
2026-03-09 13:20:00,P-02,85.01249609753171,50.113444573213734,441.5702764919994,122.3348424703632,1.3809389329085895
2026-03-09 13:20:00,P-03,87.7365869283228,54.489132437072094,390.32884763878394,120.94165986962805,1.3733539309263887
2026-03-09 13:30:00,P-01,85.2368642108553,49.35023257051269,450.290452921372,120.87429177371051,1.1526904967334608
2026-03-09 13:30:00,P-02,83.77503291724372,50.0732931050439,452.8125555120755,117.43463798583282,1.3556162279460657
2026-03-09 13:30:00,P-03,84.64381023482493,50.68557531941327,441.781808721832,122.37642256100784,1.4040157272046083
2026-03-09 13:40:00,P-01,87.43645515636183,49.897403650205824,447.9776460211141,119.69855385330905,1.32421979795448
2026-03-09 13:40:00,P-02,80.75873943495573,50.72133361720834,451.4742678181054,123.14809260151145,1.648216439738636
2026-03-09 13:40:00,P-03,81.70379287590261,46.075783269836585,395.32936676886897,116.70862131656595,1.4776088499027438
2026-03-09 13:50:00,P-01,84.06208478730635,49.218511305831534,449.42378295851984,122.93585750168975,1.6002697715179224
2026-03-09 13:50:00,P-02,83.98592198307716,48.32045203772706,449.482075119249,115.3025894355756,1.4419665934964483
2026-03-09 13:50:00,P-03,85.14598383464401,47.90645310734142,447.57298821783104,116.72843168707594,1.5276646920874595
2026-03-09 14:00:00,P-01,83.98941404717081,49.00308515434689,435.4250098409729,120.16524651840783,1.2056193974928795
2026-03-09 14:00:00,P-02,86.70033200014572,49.139832273096935,441.9564895249071,119.68357932122235,1.0084564688440198
2026-03-09 14:00:00,P-03,85.89997814838922,51.99382043658186,595.4203654728409,114.88099392186967,1.3204482758576042
2026-03-09 14:10:00,P-01,86.67808786239019,50.33297291814736,448.28419795345377,122.46837153388289,1.4941256201037296
2026-03-09 14:10:00,P-02,82.54783477725637,49.79476490576016,442.413342613963,119.66322838612676,1.4836244052641516
2026-03-09 14:10:00,P-03,84.76256075632217,42.22724892339948,518.9401273517839,116.44763683457836,1.2777958532896514
2026-03-09 14:20:00,P-01,83.19764369397619,49.32344968920095,450.3606683628309,117.18024600510158,1.2915915472070234
2026-03-09 14:20:00,P-02,86.38058868611176,51.391995312489435,449.35199182841154,117.71687435155012,1.7528942925007192
2026-03-09 14:20:00,P-03,86.33922639723762,47.89625935455951,632.0308726365839,122.6337800094417,1.6170333614695112
2026-03-09 14:30:00,P-01,85.0294519310981,48.80116205571572,442.5486361438517,118.26966957381579,1.4091785817454656
2026-03-09 14:30:00,P-02,82.11864870439278,49.570404080682565,458.18881840264044,118.31798427223269,1.7469147439387458
2026-03-09 14:30:00,P-03,86.81422535742038,52.35886230467607,442.2067888290173,113.52251048886647,1.287833451665783
2026-03-09 14:40:00,P-01,85.2379960004436,50.706952595394206,455.8932421873138,124.3467863527471,1.664435728027742
2026-03-09 14:40:00,P-02,84.41540000678211,50.777787892167865,444.99132791636055,117.08838965502659,1.0697093566556397
2026-03-09 14:40:00,P-03,84.99485221393245,41.74112573621624,362.57639743473476,120.41915219928573,1.601119530368732
2026-03-09 14:50:00,P-01,82.44490785300773,50.26925940075814,450.31148007415953,123.09984752383511,1.5837831490286416
2026-03-09 14:50:00,P-02,86.76822406808806,50.632415933218105,447.645186123422,126.0104675268249,1.4710208658842816
2026-03-09 14:50:00,P-03,84.02909925583366,49.20445625772685,608.138761400773,119.5915533276464,1.5570755545512394
2026-03-09 15:00:00,P-01,82.1375488513639,49.41662317636239,445.9103490313766,115.64938128993322,1.338494261295798
2026-03-09 15:00:00,P-02,84.31511382064677,49.57716729534984,438.14446324135037,116.42155265354134,1.7240882392171282
2026-03-09 15:00:00,P-03,87.72883462613011,47.609823739962394,477.15158377445556,121.73034848963651,1.5068486877081806
2026-03-09 15:10:00,P-01,86.68625874389323,50.41390148845256,452.87381818713925,122.82661032098008,1.3270301871394485
2026-03-09 15:10:00,P-02,83.9021047943099,50.339195024071444,440.8929395418269,118.87485131235755,1.4575315909056914
2026-03-09 15:10:00,P-03,88.59087420847976,34.86685217024097,437.64505397931066,121.44029044088903,1.8456510536356483
2026-03-09 15:20:00,P-01,83.34243765449543,50.12602826729159,447.8980091009541,115.93774860472335,1.2533143677661698
2026-03-09 15:20:00,P-02,84.18320602893002,51.529187014722154,451.78947151496897,122.5629650490661,1.5716994690344397
2026-03-09 15:20:00,P-03,86.98292310350892,58.13577498080278,555.2312952066304,119.20352557216053,1.1477250576300198
2026-03-09 15:30:00,P-01,85.01978051033639,49.593202585233726,450.1588110482435,121.39404718824686,1.2892076532290273
2026-03-09 15:30:00,P-02,88.26175786058371,52.43253888584854,450.5679853621981,121.2057954656604,1.881802074005689
2026-03-09 15:30:00,P-03,87.29202548504989,36.64522522222631,359.7644517984652,119.79179461075502,1.6925972468308919
2026-03-09 15:40:00,P-01,81.290553491779,49.40357403665303,446.52756939848126,120.05530447752706,1.5293599972322065
2026-03-09 15:40:00,P-02,86.15277642655616,49.330918603084655,453.5691800719704,123.01782813446252,1.3667284052991393
2026-03-09 15:40:00,P-03,84.27518325937382,43.7667804683483,431.7036924853525,120.85693464957114,1.4736464520955277
2026-03-09 15:50:00,P-01,85.24103522273903,49.88751283373042,453.8221728043944,116.6867122545839,1.6562707380966
2026-03-09 15:50:00,P-02,84.40594679185456,50.4454878163176,447.6548733232926,122.15857028635497,1.4178674985481265
2026-03-09 15:50:00,P-03,84.26309248428213,46.40717880458821,479.14331270901516,120.2701499740086,1.7113996603022097
2026-03-09 16:00:00,P-01,85.15474551778107,50.18559673464526,450.587122357412,122.9370042016911,1.8588574586146382
2026-03-09 16:00:00,P-02,86.78971744556246,49.46823734451484,445.195543114402,117.81563962917471,1.4626732762045354
2026-03-09 16:00:00,P-03,82.01491733290688,50.35512566760503,420.4427848554714,119.8630307924025,1.408784275890063
2026-03-09 16:10:00,P-01,85.87436195619753,50.03871209973044,444.2431855153528,122.28574139284646,1.5629236008959375
2026-03-09 16:10:00,P-02,82.4249658282134,49.517083586157966,445.81149542481506,117.04608098291861,1.352817232974227
2026-03-09 16:10:00,P-03,85.76065856565907,39.021521442836836,428.52611598804555,118.7954007438681,1.4297877697190535
2026-03-09 16:20:00,P-01,86.86264782931232,49.471861951037184,445.232930834599,119.60814034667732,1.6229034365755286
2026-03-09 16:20:00,P-02,87.42977962084514,49.63703343796095,451.87030235535855,119.46549782155748,1.7629597323729849
2026-03-09 16:20:00,P-03,86.6660890436217,44.679952675712805,462.78190618710863,119.89336024580835,1.1412809227887597
2026-03-09 16:30:00,P-01,83.36807029341496,50.17712612048516,456.19611672670845,123.66251592245075,1.311743338427959
2026-03-09 16:30:00,P-02,89.4798658560201,49.27185949050074,452.67898237167475,121.51394314652278,1.3396526452031652
2026-03-09 16:30:00,P-03,85.39498784468046,59.5307845584103,391.0559935462674,126.65438083942567,1.1304291579170769
2026-03-09 16:40:00,P-01,84.09005101913074,48.45526399181158,449.9241442347798,115.12449807657954,1.4151196834238084
2026-03-09 16:40:00,P-02,84.89440915676587,49.37368118238498,450.4099758453177,122.63677442131643,1.8287003449281767
2026-03-09 16:40:00,P-03,85.55006121678686,42.04179459444237,491.6180233039977,120.19291059050107,1.7533784442589604
2026-03-09 16:50:00,P-01,85.62931411169485,49.99783560236227,451.65938651740896,117.23878843611998,1.275860509470189
2026-03-09 16:50:00,P-02,84.68597598912135,51.76880676707558,447.23020824283367,123.8177202121023,1.3699618072967201
2026-03-09 16:50:00,P-03,84.40695068977256,57.74880450547405,585.143226819449,118.77282606843504,1.5684195313135387
2026-03-09 17:00:00,P-01,86.80887300154487,49.757629565086965,457.07752266135964,122.3947376335222,1.5931302082108354
2026-03-09 17:00:00,P-02,89.53120202613125,49.86323599005562,450.7255075479647,115.60898648837367,1.4106817784334635
2026-03-09 17:00:00,P-03,86.1268817811339,60.267071402884014,378.3034672515018,122.74338922215435,1.2396841279037434
2026-03-09 17:10:00,P-01,82.86778269760315,49.92176941180659,451.50246845850944,121.81899244581841,1.4817557234302043
2026-03-09 17:10:00,P-02,88.16243645032574,49.0824667191505,455.0521515125196,124.0475255976876,1.5722234232774681
2026-03-09 17:10:00,P-03,85.79669262829977,48.15305897667139,627.6861888377211,121.9632139520186,1.442522304579226
2026-03-09 17:20:00,P-01,84.2879273801723,49.40148117468977,449.1974314705429,117.50594713594992,1.4361047761279868
2026-03-09 17:20:00,P-02,87.16441355925193,49.311489231909135,452.1492739898801,117.18298106213291,1.26098130797565
2026-03-09 17:20:00,P-03,85.15146643471068,42.84941255552979,378.5989361689247,115.3145845212508,1.485685160060993
2026-03-09 17:30:00,P-01,87.164734346531,49.67328688807347,450.62396600373245,116.67167297934454,1.3028541195635879
2026-03-09 17:30:00,P-02,84.00241380910481,51.61867490249085,457.9305230011188,119.46069096666017,1.8345933932221643
2026-03-09 17:30:00,P-03,85.08126722722437,54.61032205835785,406.5744679786163,125.42345525521947,1.7736986387579399
2026-03-09 17:40:00,P-01,84.47733602277104,49.97354224468411,445.59580464350734,123.0459049848728,1.5014558363679507
2026-03-09 17:40:00,P-02,79.25953115135245,50.64473450799488,450.8246065467696,124.86565602359767,1.5155145287922058
2026-03-09 17:40:00,P-03,85.2494883261947,51.31378490010835,352.4691188967712,121.49616498748378,1.2822827608172194
2026-03-09 17:50:00,P-01,85.44782919503487,49.04904456512328,457.49855720125987,124.20102070631101,1.521043800368194
2026-03-09 17:50:00,P-02,85.50890716619122,50.004023773034476,445.19674924079595,119.02133262726046,1.4896028192228468
2026-03-09 17:50:00,P-03,88.78356405936603,61.228048577140214,385.85554136350447,118.32586015994411,1.8324742351292638
2026-03-09 18:00:00,P-01,86.26407279427214,51.384800341769065,452.68994938353853,116.82159205499265,1.4487585860931484
2026-03-09 18:00:00,P-02,84.2125221305644,49.79929603572299,461.5238191679929,114.95292470756738,1.6215749099341517
2026-03-09 18:00:00,P-03,87.04443246821215,49.17951142241262,427.66345669234715,118.01584813573798,1.5939314274376533
2026-03-09 18:10:00,P-01,83.9967336600986,48.96094768904204,449.4343094044566,120.45853870755512,1.6628016581301717
2026-03-09 18:10:00,P-02,86.98644348055882,49.5593464370494,449.64441852535055,117.07981414944915,1.314397376505713
2026-03-09 18:10:00,P-03,84.82761926400686,48.57391197645608,462.3788334953441,119.59780101477604,1.8903277598842008
2026-03-09 18:20:00,P-01,84.88734669265565,49.82259118062553,447.5154331686988,117.29889535421825,1.466571864782627
2026-03-09 18:20:00,P-02,84.24756450184341,49.51697219334171,452.5027219556833,119.13873156665512,1.0859175194451947
2026-03-09 18:20:00,P-03,89.38350051938181,57.815552235208145,602.0171001006264,113.77925837904476,1.3236394031861518
2026-03-09 18:30:00,P-01,83.93876601219137,50.3028543130814,442.01131781999266,126.82623534214947,0.9420265996720049
2026-03-09 18:30:00,P-02,81.72845142941611,50.640573284506004,441.34604425235295,120.28514289661513,1.768306592515747
2026-03-09 18:30:00,P-03,88.22806091538793,49.17831084887564,434.882257644742,119.41639577865186,1.6748560973409041
2026-03-09 18:40:00,P-01,87.28377239360373,51.00192683244389,444.93995471627,120.55617973729507,1.442929019313013
2026-03-09 18:40:00,P-02,87.20915393572413,50.101284558351246,441.200714046412,118.9851735974473,1.570526670580869
2026-03-09 18:40:00,P-03,84.72059011308885,42.68914305342676,376.86209250479425,121.36917249758335,1.27016070427744
2026-03-09 18:50:00,P-01,85.461549541265,49.24411769634854,449.1866893659816,118.78678068922346,1.189284156399174
2026-03-09 18:50:00,P-02,85.75199464455442,48.59204693982895,455.6819605488117,120.22862477116774,1.2528702789145951
2026-03-09 18:50:00,P-03,85.52948868264441,54.83337196107818,437.7117444601231,121.90031751669484,1.4687393978186327
2026-03-09 19:00:00,P-01,82.3109748476138,49.32522948108771,461.3861124393648,124.38597786744613,1.6624539004060417
2026-03-09 19:00:00,P-02,81.49621565474419,50.88577209243986,453.9914363199382,120.40797377659028,1.6582664272675105
2026-03-09 19:00:00,P-03,85.23638791281091,45.6194353240392,567.4741004579721,121.52672953748329,1.3291379109188635
2026-03-09 19:10:00,P-01,84.18212261407372,48.742551699539405,456.5340947124057,119.57669638582796,1.509071742247999
2026-03-09 19:10:00,P-02,79.56752088503643,49.78220001499431,450.07007517056286,113.69601316999977,1.448873005027315
2026-03-09 19:10:00,P-03,82.63209901637737,62.129590145606876,439.07427922611083,122.57173017294757,1.8220926147392311
2026-03-09 19:20:00,P-01,85.48489076027316,51.03772385455767,442.27774058354544,116.0556834122265,1.454798155186772
2026-03-09 19:20:00,P-02,86.63910275525416,50.960407266457594,448.2493525245349,115.52756721235163,1.6547378620478779
2026-03-09 19:20:00,P-03,85.70708843617857,85.0230033088194,448.3153478772044,123.50590696277844,1.6319204395743132
2026-03-09 19:30:00,P-01,85.26878156645684,51.10175349144299,457.61464519353757,124.73428405916383,1.5895064605372573
2026-03-09 19:30:00,P-02,81.86858153049828,50.38886397432214,455.40287802247246,118.66475436750865,1.3017429760400305
2026-03-09 19:30:00,P-03,82.50475427200634,53.26406274559696,490.256297038707,124.52696730502957,1.9787284235458102
2026-03-09 19:40:00,P-01,80.96231452371494,50.53358715296382,450.80089949266863,121.30778598341769,1.222640356846694
2026-03-09 19:40:00,P-02,84.65164218349267,51.23017608023098,455.73765253733245,126.24254024998635,1.1629953428252948
2026-03-09 19:40:00,P-03,85.83762232131613,42.828048989799676,492.52356240382267,120.88320589277457,1.6631251051207876
2026-03-09 19:50:00,P-01,83.05290949780621,48.445978151537055,454.311719220506,122.2827469602695,1.2165518869028555
2026-03-09 19:50:00,P-02,84.21405907787526,52.03455370133956,448.4918415270429,118.01571483201408,1.8852131521914248
2026-03-09 19:50:00,P-03,82.0748469128543,45.28652461160824,370.2920442229148,113.49354602197117,1.5016555159064184
2026-03-09 20:00:00,P-01,84.74374635370457,49.03496375880767,453.26722804371013,122.29827435573026,1.6616413619623125
2026-03-09 20:00:00,P-02,82.78039251746233,50.58430271021141,452.96937060690385,115.6614848838565,1.6029208351928155
2026-03-09 20:00:00,P-03,87.61945414531745,57.75036817682773,413.8062697857784,123.34150124359094,1.4765511850127808
2026-03-09 20:10:00,P-01,85.53264691179974,48.503778034464375,444.7596556501505,116.45572285890991,1.37602195575459
2026-03-09 20:10:00,P-02,82.65912148442862,50.4488475473771,438.2393382851151,125.08235959034627,1.7234785070537768
2026-03-09 20:10:00,P-03,84.032457613389,55.45487687037554,540.3105629685417,117.97610324907774,1.1034215374769514
2026-03-09 20:20:00,P-01,87.38526916115971,50.99392210306348,444.9835354007702,119.59681178767809,1.1582478854801799
2026-03-09 20:20:00,P-02,85.97425568288551,50.34421314882236,452.9718456903358,119.22841882944662,1.4344232388408298
2026-03-09 20:20:00,P-03,85.5689762855537,46.38518827611022,422.07631872910974,119.64124851212493,1.6217256809237057
2026-03-09 20:30:00,P-01,87.63855869070824,50.78085437152341,448.86682887002416,122.91179979175934,1.5321776530525453
2026-03-09 20:30:00,P-02,85.8233647806214,49.856674146165744,458.32942502592743,119.91207607493477,1.6312269226312948
2026-03-09 20:30:00,P-03,85.20652665451261,62.744931630097845,724.5006045911655,118.29277919916198,1.394871848323763
2026-03-09 20:40:00,P-01,85.0246846887855,51.03019061852435,454.1768248273886,120.88445050892521,2.423108064017284
2026-03-09 20:40:00,P-02,81.70920321890003,50.346539647924175,448.3305000567188,115.76350199190432,1.5259975740659089
2026-03-09 20:40:00,P-03,84.99158741537413,43.7761707964334,317.5594408878583,116.8422334960927,1.3937548885991442
2026-03-09 20:50:00,P-01,85.05532448617183,50.80637952460902,446.4824915179771,114.21858857235935,1.4779014200075977
2026-03-09 20:50:00,P-02,85.99783934719521,49.601822956753374,452.30823964537973,123.86794019094565,1.3046086490924989
2026-03-09 20:50:00,P-03,83.99387095538528,47.086805486524966,467.00864502156566,114.79199879170066,1.4437997442392307
2026-03-09 21:00:00,P-01,86.61216108006622,51.01449660241693,449.30325653511045,116.60075577887234,1.340396532812881
2026-03-09 21:00:00,P-02,82.87413120980186,49.997350855142585,444.0231977759914,117.42529932032556,1.4560934152614216
2026-03-09 21:00:00,P-03,84.32699667364948,44.19240126651654,497.9994725655212,123.7607815787374,1.5170023101348784
2026-03-09 21:10:00,P-01,87.17705022859565,48.51394013592539,450.32612809972073,120.90316856076313,1.7255350098600668
2026-03-09 21:10:00,P-02,82.43170461309519,49.41393945059246,453.52555440772693,118.2146389261864,1.6352288963726607
2026-03-09 21:10:00,P-03,82.33864422968999,33.108193186807505,478.3965843557652,115.43541213472272,1.5746816502584997
2026-03-09 21:20:00,P-01,85.5624128383956,51.991044283646055,450.0608147324505,119.17469797172897,1.5393991158283635
2026-03-09 21:20:00,P-02,85.24889080055132,49.51242348568839,451.6515442035992,123.39258108043558,1.6748344353930606
2026-03-09 21:20:00,P-03,86.33948737770501,58.48846243465166,557.6588814003748,117.08017085577576,1.3355725394354774
2026-03-09 21:30:00,P-01,83.07213309521941,51.26062112742406,446.11530291872083,118.77459042930747,1.1987795921508844
2026-03-09 21:30:00,P-02,83.80991153955195,50.82200425921095,447.79046225466493,122.60717043901928,1.429446825675338
2026-03-09 21:30:00,P-03,86.9511382108428,54.459983321885765,488.54502872815624,121.57026733309661,1.4256860193483256
2026-03-09 21:40:00,P-01,84.52939261786561,51.43119190065576,450.6556758996123,122.74077845459804,1.2342238633734859
2026-03-09 21:40:00,P-02,84.28683766894515,50.293779134401966,448.11791952326826,121.87534999675553,1.4816496121377487
2026-03-09 21:40:00,P-03,86.39825398752575,61.56973598891912,354.6993723184765,118.0452383116109,1.057793113843414
2026-03-09 21:50:00,P-01,86.9065311614432,48.495599683026064,449.74092967789915,120.92423999821182,1.867930438823166
2026-03-09 21:50:00,P-02,86.65203081455317,48.87309153772209,445.6609104927764,119.6502635655674,1.1780604234798044
2026-03-09 21:50:00,P-03,85.3108590427341,52.94877415100698,326.6259203289542,126.18370482400931,1.28578765239653
2026-03-09 22:00:00,P-01,86.72217437256474,50.25142193933528,448.55809532685464,120.51941506576877,1.5420756285189512
2026-03-09 22:00:00,P-02,83.227033729078,48.57316764026151,454.7885815533287,122.52256303685341,1.4035441082605753
2026-03-09 22:00:00,P-03,83.99940737206053,43.476040061919896,803.9985053793441,115.73765058954011,1.5316867237390988
2026-03-09 22:10:00,P-01,86.75942403578465,48.40311394646926,453.04880774240974,115.8577040052551,1.7144519382694372
2026-03-09 22:10:00,P-02,86.33003854931236,51.92583467769409,456.6078178371233,120.98637179103822,1.2817816457911055
2026-03-09 22:10:00,P-03,88.7628395808517,23.07447276353523,442.7905637531916,121.51457354550422,1.8362675204934968
2026-03-09 22:20:00,P-01,83.50617036484452,49.57966228406977,449.46175755649824,118.13349865635524,1.7317452537040818
2026-03-09 22:20:00,P-02,85.13939845994618,50.65064214754024,455.04053106896504,118.65453600019431,1.3221463477061486
2026-03-09 22:20:00,P-03,87.683970580625,51.78854531729196,542.8245644532003,116.72257329128728,1.736677183088568
2026-03-09 22:30:00,P-01,84.75502739995909,51.513433240068196,450.39459366145456,120.34697237584041,1.5351587922584755
2026-03-09 22:30:00,P-02,83.76047242564347,50.255246721456565,449.2064116622441,121.22872684493561,1.3975195327977112
2026-03-09 22:30:00,P-03,83.66866761193039,52.149684000546046,393.8024449731857,117.59548398978086,1.598301548537907
2026-03-09 22:40:00,P-01,86.70735076119551,50.96346182670214,442.8106819609659,118.92548614031917,1.2494774649909068
2026-03-09 22:40:00,P-02,83.05429882722997,49.11808092221906,446.5496773635147,119.479710334821,1.450010057381679
2026-03-09 22:40:00,P-03,85.16390957526474,49.844734262147085,421.42592158143185,118.99595355290631,1.290747683900052
2026-03-09 22:50:00,P-01,86.39134626581277,49.960601268232345,442.92000221369375,117.61608048656322,1.2943330256356846
2026-03-09 22:50:00,P-02,82.31745993153712,50.21416117366938,453.41399956764025,115.51134697368991,1.4711902753160697
2026-03-09 22:50:00,P-03,82.47023187404591,65.6659709087729,428.39434809807585,124.56156443292542,1.3298494410717034
2026-03-09 23:00:00,P-01,84.70564676440348,49.37397644042652,455.5688573641279,122.81234056609019,1.4027758991961106
2026-03-09 23:00:00,P-02,85.31090484637969,49.13896013920971,453.19544998568205,120.47750472658318,1.4760630569287456
2026-03-09 23:00:00,P-03,82.8875497967465,45.64919446696204,446.17764080673817,124.25186187924461,1.0789232113545295
2026-03-09 23:10:00,P-01,86.28146797425605,49.23607464357674,450.11768334699974,120.22404225678424,1.8659681441610867
2026-03-09 23:10:00,P-02,83.71710432485321,49.8579181809622,458.0110670322064,122.84059084127848,2.0926781089302384
2026-03-09 23:10:00,P-03,83.7274929307473,57.74355212960036,343.5290121117804,116.02132843590093,1.4457852176423727
2026-03-09 23:20:00,P-01,88.6205718901269,51.09657304173936,452.44926568940303,121.7503369668812,1.9697044264995915
2026-03-09 23:20:00,P-02,87.14805107724008,49.41888597489525,456.7741698763596,118.93956458084932,1.3632286207814466
2026-03-09 23:20:00,P-03,86.92635951750789,43.55421679713944,783.9172591265059,114.83108483722675,1.2099754759494785
2026-03-09 23:30:00,P-01,83.44829149346077,49.34189730005198,458.82861649847996,113.07725871922877,1.1962191753065714
2026-03-09 23:30:00,P-02,86.14053785880576,48.71946150547563,453.4865735524027,120.58660991661387,1.4349484648369428
2026-03-09 23:30:00,P-03,87.52383427852632,60.2032446598886,395.97422903451803,117.75216424403794,1.7259935776435298
2026-03-09 23:40:00,P-01,85.44921759152984,50.08038333005973,445.16015784326896,119.2532798719566,1.2933144472962934
2026-03-09 23:40:00,P-02,90.30131374877637,49.34906501962185,447.56939995070564,123.10012898113145,1.337502510928128
2026-03-09 23:40:00,P-03,85.20731261945114,51.91592587949584,526.2768139341669,119.1842065457796,1.7263706604834286
2026-03-09 23:50:00,P-01,84.66042087015546,49.55275174761339,457.92026311001314,115.27505594216412,1.6310227852019066
2026-03-09 23:50:00,P-02,85.45738943939213,50.09317367143055,447.54054873606265,116.58230163720754,1.2925126391422102
2026-03-09 23:50:00,P-03,83.54818927292936,45.678601048818074,477.5763450613317,115.60751859749088,1.8002689225237285
2026-03-10 00:00:00,P-01,82.22155364945968,51.194580349583994,440.22487334156193,123.4734557749759,1.9889357244528263
2026-03-10 00:00:00,P-02,81.10353450708112,49.10180344054558,445.5666071588157,115.60764684326698,1.0265173960951623
2026-03-10 00:00:00,P-03,84.18441421263034,53.466159966858484,913.844391056782,119.38814287624781,1.3133858258819127
2026-03-10 00:10:00,P-01,83.23229890041367,50.28464442417132,445.83178831443234,119.9343240846235,1.6821254162674353
2026-03-10 00:10:00,P-02,84.97411115949006,51.20129070395296,448.1027332305128,119.6248942867924,1.5944068028400165
2026-03-10 00:10:00,P-03,84.00620947943213,59.994256004395346,544.3645019964932,121.60366381102676,1.1673510604613089
2026-03-10 00:20:00,P-01,88.58520448752616,48.6654531915176,450.59325847163643,114.43326197713385,1.2017267192204864
2026-03-10 00:20:00,P-02,82.57801867231271,49.611044295620225,452.5379842906781,121.1776683322962,1.3565301908535383
2026-03-10 00:20:00,P-03,80.20770814435143,50.05678290864341,506.8433587053314,121.5538588728128,1.6901388700362046
2026-03-10 00:30:00,P-01,84.60549331589657,50.168817830474005,446.78007416518835,122.8626054846088,1.55931991732314
2026-03-10 00:30:00,P-02,88.90276226122438,50.282922274774066,464.0534756942199,118.26038202795438,1.5615648273907277
2026-03-10 00:30:00,P-03,86.88078518104734,81.11472960097582,537.1754583007983,121.6500618708659,1.3180351239711698
2026-03-10 00:40:00,P-01,87.00069588887176,51.639611493961404,448.492963891931,118.82453903583524,1.3852911028729458
2026-03-10 00:40:00,P-02,83.12272644783557,49.66385789670826,442.5075630053868,121.77148298706642,1.1833157401877572
2026-03-10 00:40:00,P-03,86.89310350286927,55.58323901376025,359.2324217856429,117.24286420316515,1.3305241755114094
2026-03-10 00:50:00,P-01,85.95307361984503,48.970196043774,455.68168907238544,118.43507151815419,1.9725130848370962
2026-03-10 00:50:00,P-02,84.19617640316842,51.873554307379756,445.85310992629087,121.35983204566675,2.0371468649556035
2026-03-10 00:50:00,P-03,84.52334140003897,52.01358779033601,717.0811399987502,116.3311673694562,1.620417481304186
2026-03-10 01:00:00,P-01,85.2221171271995,49.723952900017736,451.66063054931806,117.64950180907185,1.5694178185553678
2026-03-10 01:00:00,P-02,83.62438008070114,51.13169467787466,452.4258231353925,121.04636060206708,1.4256310115100148
2026-03-10 01:00:00,P-03,82.62742427248847,44.85717782185829,542.700164636953,115.47425844761331,1.6797649177346345
2026-03-10 01:10:00,P-01,85.87422554446215,49.440312838950625,454.08096352129945,116.69011530662092,1.0678787415493733
2026-03-10 01:10:00,P-02,87.15496152090415,51.1804362366436,458.4663132115587,117.75562012547292,1.5006416983885171
2026-03-10 01:10:00,P-03,85.81631968146625,48.13445359015694,390.92595644663874,118.86702882709857,1.1365038370882907
2026-03-10 01:20:00,P-01,86.30536547127316,49.970947494118796,448.9898984565919,117.5762057598885,1.360317291409225
2026-03-10 01:20:00,P-02,87.07394160524376,49.83678214925126,444.1391847559325,113.14186781698315,1.502049275959726
2026-03-10 01:20:00,P-03,82.59408449008409,42.13869386122029,360.6905666637567,117.00495510096435,1.6077672265724858
2026-03-10 01:30:00,P-01,82.42260232557966,50.140646274666324,451.08028256686066,125.7783388624411,1.3691303661683092
2026-03-10 01:30:00,P-02,85.513138658836,50.19955247476679,453.69049919651604,125.68987951178178,1.5559400794712537
2026-03-10 01:30:00,P-03,84.47120065479706,66.82130502091319,407.84576618676056,113.57552551825441,1.3457434241929551
2026-03-10 01:40:00,P-01,83.80334287927299,50.43569692226684,444.2711178053149,123.54912901897744,1.2456233117922229
2026-03-10 01:40:00,P-02,86.09080559888973,50.488513871032325,450.652477270904,117.03179498167303,1.0605776036343697
2026-03-10 01:40:00,P-03,86.60951964217169,51.93606014429712,360.69364033647616,118.12863478735574,1.4866588774365164
2026-03-10 01:50:00,P-01,90.44520695393354,50.13679738157085,454.525648681403,117.55540079435644,1.1193074011881152
2026-03-10 01:50:00,P-02,83.53536971156487,51.29387534305366,454.03662945404614,112.2333398085987,1.6053554445583145
2026-03-10 01:50:00,P-03,82.90964561199105,51.4704394920517,344.7987229519403,114.90225454066125,1.1874010636421872
2026-03-10 02:00:00,P-01,84.70722279149189,49.91901628866017,450.5283170036933,121.15640592919918,1.3474051955809028
2026-03-10 02:00:00,P-02,87.48224335046667,48.839939474194935,451.3794787477036,115.91409569890847,1.6894526124926859
2026-03-10 02:00:00,P-03,89.2460836524487,36.69171668884078,503.6995306625826,122.77070737821212,1.7152744939887532
2026-03-10 02:10:00,P-01,83.31186265125153,50.23931862933691,451.57134353206186,121.47159824387055,1.3414678119192383
2026-03-10 02:10:00,P-02,84.12075288948422,51.18035695970141,448.1474071456578,122.50010867778262,1.6081484631822773
2026-03-10 02:10:00,P-03,86.63297687266102,51.46146483445629,500.0216672817168,116.64183575542985,1.9973891137805613
2026-03-10 02:20:00,P-01,84.78479994723364,49.03167969455579,456.63687452154113,122.01255818585632,1.5336921776348578
2026-03-10 02:20:00,P-02,86.29403629286736,50.72947109581532,455.03514625027674,120.07816473622523,1.6958806787957879
2026-03-10 02:20:00,P-03,86.44951316384235,43.7345745548529,553.1922055235466,119.20201582194056,1.3406136350300053
2026-03-10 02:30:00,P-01,84.93455028461295,50.29251178282691,448.4183159442807,116.5247551395413,1.5106606750995306
2026-03-10 02:30:00,P-02,84.00678644110921,50.1667598712249,453.503775975784,121.5745557402165,1.6481651337768122
2026-03-10 02:30:00,P-03,84.52131056526493,67.63351824960401,407.86114881889176,119.76708553600852,1.427944583175998
2026-03-10 02:40:00,P-01,85.24674201096018,50.42816233982576,439.296547531732,119.52069526254894,1.457342513678874
2026-03-10 02:40:00,P-02,83.20246913408447,50.92790825949067,443.9689644192488,122.99719753481897,1.4285169408832181
2026-03-10 02:40:00,P-03,87.81549779482744,43.316492635368796,411.24573440306597,121.1655970434349,1.2984026397178312
2026-03-10 02:50:00,P-01,87.01680745234073,50.57775911059236,454.4447804311895,119.66786884952064,1.5074143669099576
2026-03-10 02:50:00,P-02,87.20223742917585,50.41409309826589,456.64882191717714,118.38480871973782,1.5209731417723096
2026-03-10 02:50:00,P-03,89.36528664102673,58.15706376280127,372.29975499868414,119.09873583061854,1.4659819305604338
2026-03-10 03:00:00,P-01,85.56230696972554,50.805808252595845,448.0729166298309,117.58916413656257,1.5927234780748574
2026-03-10 03:00:00,P-02,84.50653256913617,51.416724918977174,456.0218218016052,116.33690882347722,1.692734523550033
2026-03-10 03:00:00,P-03,84.82897155522262,42.35958297513302,237.37152609836198,118.37002790578657,1.6490266751541331
2026-03-10 03:10:00,P-01,85.47361726671421,48.33510730782669,445.443049145265,120.93121498819644,1.3094736402401188
2026-03-10 03:10:00,P-02,84.23015462339924,49.32197252697281,458.257475923639,115.69898350420613,1.7837158678048226
2026-03-10 03:10:00,P-03,83.82258866179394,37.895032508990816,372.2313799219424,118.35601713522652,1.8358201642586192
2026-03-10 03:20:00,P-01,87.47424112303618,47.97761244792046,447.653276699545,122.70017854811842,1.368480803331009
2026-03-10 03:20:00,P-02,81.65208375834004,50.91952992232703,452.421921294757,118.48912120731407,1.4467174066938575
2026-03-10 03:20:00,P-03,86.39003205347802,49.60045896462005,645.4162011992107,120.37021883513307,1.9073590358537804
2026-03-10 03:30:00,P-01,82.90431395860699,50.623858589837866,447.69412460656673,118.03066971848791,1.4996681397876799
2026-03-10 03:30:00,P-02,84.59874940126437,50.16988717448659,448.2853655242013,124.50727765132496,1.3785479497836495
2026-03-10 03:30:00,P-03,83.82289278131316,53.80766656840331,343.9877365262353,115.21995942532845,1.577108571575081
2026-03-10 03:40:00,P-01,87.88773335486373,50.34169738465491,450.086962211096,116.97219321964889,1.3595201148538911
2026-03-10 03:40:00,P-02,86.7416660635231,49.932882767216256,458.1690057530955,122.85713367332777,1.4560691016266112
2026-03-10 03:40:00,P-03,84.82811485205342,53.01473093728078,374.6643659581381,119.40556615301463,1.4300553276675538
2026-03-10 03:50:00,P-01,84.52080412970378,50.83902906222656,449.83949335879964,122.23704391915167,1.851718368189594
2026-03-10 03:50:00,P-02,82.78939727755149,49.642645507242264,445.1915506642116,114.9614748817877,1.402419167283878
2026-03-10 03:50:00,P-03,87.65822028743041,57.33537468253774,350.0773426007519,122.8986070586602,1.6352772632577042
2026-03-10 04:00:00,P-01,--,51.00061056729312,458.7831185873587,116.96079344845631,1.7049097006806784
2026-03-10 04:00:00,P-02,86.20219586538153,49.10918089297731,445.44323779037165,128.2891637094973,1.6294692285131576
2026-03-10 04:00:00,P-03,84.07898461892324,50.3637237127462,349.0991338219859,118.88818847201583,1.8503469385727955
2026-03-10 04:10:00,P-01,86.40880945420281,50.681978862310004,453.05088743079557,123.21430744155823,1.5680540475720046
2026-03-10 04:10:00,P-02,84.24652606449277,49.0581432398459,449.74375723660205,118.82244125486082,0.9477650779010033
2026-03-10 04:10:00,P-03,87.5665330669622,67.90216723978848,660.7290739464175,116.75130566880435,1.4613035738361555
2026-03-10 04:20:00,P-01,82.61661812140417,49.78769658343038,450.6349577108539,121.36896093948434,1.4085876887156703
2026-03-10 04:20:00,P-02,84.90900305304373,51.621724592458754,453.7752568747406,116.53746839803355,1.568353498503155
2026-03-10 04:20:00,P-03,83.46608831183742,42.74349655591996,408.0878598918013,122.70809798085938,1.4735007964655007
2026-03-10 04:30:00,P-01,82.33135662296955,50.26992448267972,455.400424744107,121.99540247901497,1.3853968660110267
2026-03-10 04:30:00,P-02,85.13467694817007,50.15989269058121,447.323057125083,118.37307468637425,1.0273660606716342
2026-03-10 04:30:00,P-03,88.66023490284215,55.02410344181834,545.7599711863326,123.32537019633591,1.5802540774479938
2026-03-10 04:40:00,P-01,85.72529195374044,50.12845488716125,449.1143333933854,119.80227547841979,1.412054125913653
2026-03-10 04:40:00,P-02,86.72489126682986,49.221775893904095,443.01481261826643,120.93463154733934,1.6208364700127302
2026-03-10 04:40:00,P-03,83.2361512491371,74.55113362995702,473.87912534997355,121.93331443288862,1.4299233427874272
2026-03-10 04:50:00,P-01,81.655273992047,52.169041089665896,450.8749158548416,122.52922003586627,1.5016464765094175
2026-03-10 04:50:00,P-02,83.93739698221928,49.737019497963864,456.6541508787091,120.69026139976502,1.3668687905572012
2026-03-10 04:50:00,P-03,85.74095508563988,47.464890184813996,336.6469581402548,119.83631252126827,1.8018205801102924
2026-03-10 05:00:00,P-01,83.24052635378658,48.634747643949964,437.48653752284366,116.15555596653917,1.4399909590025866
2026-03-10 05:00:00,P-02,87.80962850421058,51.92624246970132,453.40234957136977,125.55110385888158,1.44738930503276
2026-03-10 05:00:00,P-03,83.03299968310544,52.180002226078436,451.3087852000205,113.68933036993955,1.420930236032227
2026-03-10 05:10:00,P-01,85.59716028177402,50.44100102848061,456.48515725631285,123.61776676489535,1.529084986843924
2026-03-10 05:10:00,P-02,84.58524765249126,52.024406238178216,457.9466172109122,126.8338168342682,1.622169096205071
2026-03-10 05:10:00,P-03,83.84692962204726,43.597354992258516,292.21018229926995,122.30715931369426,1.4942760744755104
2026-03-10 05:20:00,P-01,84.73862187201439,48.420622522856746,449.03025954772124,118.6859914203094,1.2984138577978523
2026-03-10 05:20:00,P-02,85.09591614541279,50.105559558860065,449.9837252021692,120.70928784979999,1.6457208167263846
2026-03-10 05:20:00,P-03,84.02308871107168,65.54141280161771,406.77736615853007,115.19623443644025,1.1953646896178802
2026-03-10 05:30:00,P-01,84.01344214210314,49.95808421398245,449.1946122417997,120.22592831346446,1.3429602476776954
2026-03-10 05:30:00,P-02,87.44183046289666,49.55785713999795,452.6932847307832,114.65072626624513,1.2903841320972498
2026-03-10 05:30:00,P-03,85.54979678835343,71.40390734338818,574.9136692850095,122.6200035771809,1.4853618400305442
2026-03-10 05:40:00,P-01,84.19963670235293,49.04763209177571,449.9394516037315,122.01352768720456,1.6848364406114003
2026-03-10 05:40:00,P-02,85.86595137537648,52.6822357943954,453.4950307295862,119.93787251651003,1.7395774737778535
2026-03-10 05:40:00,P-03,86.2312748428018,50.987510872852376,363.8552882078203,122.04840387098733,1.390383425110135
2026-03-10 05:50:00,P-01,83.8162072714809,50.37301018637827,450.43249507373696,117.33631141245714,1.5751720386302097
2026-03-10 05:50:00,P-02,86.33570027880599,49.375408899321364,456.59063136343417,125.45862392969016,1.3708263866665906
2026-03-10 05:50:00,P-03,84.81969530034787,64.32735677118347,354.08948963047965,118.74296733017445,1.5373131958349786
2026-03-10 06:00:00,P-01,83.62479656997934,49.7853142696817,441.9420811120646,121.43326356014624,1.4968041749006298
2026-03-10 06:00:00,P-02,87.7504783791842,49.69360026943812,453.7267885914892,116.24260312027121,1.6089804918477446
2026-03-10 06:00:00,P-03,88.11308901711503,47.14125207419189,505.456935522552,117.09689595412668,1.873768249777909
2026-03-10 06:10:00,P-01,85.0332213908989,50.07079489498495,448.0564215837117,122.54122811780032,1.3490452764508962
2026-03-10 06:10:00,P-02,78.64446152615805,49.022817894620836,442.7295921821026,119.93790479799874,1.4784790796433125
2026-03-10 06:10:00,P-03,83.2917338830466,59.09616118146517,456.3667164364408,122.33946070407004,1.6892069842384816
2026-03-10 06:20:00,P-01,83.88666020567432,50.61534483551051,451.5386165601725,117.10469863265192,1.742672565310725
2026-03-10 06:20:00,P-02,86.5364542867333,50.467407282581625,457.43033982140537,120.13752293358053,1.3507879200713857
2026-03-10 06:20:00,P-03,85.12302038650411,47.76943100567987,419.06092941369087,120.84350812196661,1.5591782820460356
2026-03-10 06:30:00,P-01,88.85332360199703,50.44970733898786,451.74001487089413,121.42197897878647,1.5707765882998472
2026-03-10 06:30:00,P-02,88.51686603247073,48.09686492737719,451.70298404475795,121.55002747420559,1.3148135116791666
2026-03-10 06:30:00,P-03,84.60252345401318,48.063561600566636,548.0803609692957,123.0172916385978,1.4317689299472534
2026-03-10 06:40:00,P-01,83.41069219392492,50.92187025841746,457.72999652293566,120.57791242870017,1.6380034169331399
2026-03-10 06:40:00,P-02,86.04711131842511,48.87205431276471,442.4226312659449,122.17734594108009,1.7038170652060718
2026-03-10 06:40:00,P-03,86.49797668421162,39.37728263308496,364.1432101286078,118.78713585237162,1.6846796602148357
2026-03-10 06:50:00,P-01,89.30924301829211,50.66247911657334,442.46870156454196,121.9661636880866,1.672965777828231
2026-03-10 06:50:00,P-02,85.01759331477393,51.74956281480506,453.6650264284975,118.81611644070199,1.291540564158569
2026-03-10 06:50:00,P-03,86.83659444318404,49.588133608096605,496.30472767187894,123.27752439538375,1.4917360826532258
2026-03-10 07:00:00,P-01,82.79869186189897,51.959164436330816,460.9290277203565,116.92967916027662,1.5230838085912193
2026-03-10 07:00:00,P-02,83.90518139325437,49.12435162934155,450.50246761980895,120.67094986055731,1.4922852189969176
2026-03-10 07:00:00,P-03,83.82502297826956,37.2088942995768,352.26472889717417,119.69193676405858,1.3858997089434366
2026-03-10 07:10:00,P-01,85.76697241057947,50.562815015583574,445.6296359826866,122.6334754645142,1.4134692661030326
2026-03-10 07:10:00,P-02,82.89219733077029,50.19530588763693,448.3736171809066,120.71562282620383,1.529234807728197
2026-03-10 07:10:00,P-03,89.35891648048433,69.68722249423556,336.54725495576037,119.74287799788992,1.516550867098151
2026-03-10 07:20:00,P-01,84.51743930833183,52.26809526415265,446.64146066705297,121.24387377743683,1.4209671151527854
2026-03-10 07:20:00,P-02,88.34219208947282,50.5900892116504,437.1367510007318,122.05717952221679,1.465316431025931
2026-03-10 07:20:00,P-03,81.62893564184841,66.65516510928524,462.3858816926098,116.59357078308867,1.326302147655079
2026-03-10 07:30:00,P-01,82.67345539047146,49.48105732646348,451.6044066239568,121.98640005403503,0.950845154052062
2026-03-10 07:30:00,P-02,83.653896938678,49.84373865385665,450.9473149888666,121.69943405272497,1.532970011317414
2026-03-10 07:30:00,P-03,82.08606344313485,45.22723282915068,558.065990324097,119.21112586647666,1.7521037254659753
2026-03-10 07:40:00,P-01,83.09168664357146,51.349259287739805,448.92763451871485,123.10562724026035,1.7256456408134366
2026-03-10 07:40:00,P-02,84.48947329658237,51.545531358301744,449.98575188448905,119.79897127412681,1.4925231858779282
2026-03-10 07:40:00,P-03,85.64927407626281,36.83480715259869,407.15122686266585,117.0829785691541,1.6483634310827247
2026-03-10 07:50:00,P-01,85.09726748252577,49.74521567909205,448.946372624509,124.81193742684484,1.3128360598795044
2026-03-10 07:50:00,P-02,86.34429922739733,48.454109047288696,446.81325976976024,122.4763926640348,1.2794543906589952
2026-03-10 07:50:00,P-03,84.65617289315983,53.706774972290056,425.7333366849265,122.01148668184833,1.6228366917183474
2026-03-10 08:00:00,P-01,89.49843751913619,50.124569412703046,442.5040661333991,123.46831269868098,1.4692927368156354
2026-03-10 08:00:00,P-02,84.90037862736357,49.64263738344034,445.22033953747774,124.21591919674583,1.643316698386117
2026-03-10 08:00:00,P-03,86.07044560406503,54.813188013775196,403.60958518971205,120.48157949435904,1.5580973055712266
2026-03-10 08:10:00,P-01,84.6076798532553,50.745395392798805,452.5715800767078,119.13429610727654,1.5201047293645382
2026-03-10 08:10:00,P-02,84.54518046366896,48.535635691825824,444.84620467791325,123.52436084078681,1.0337453579030185
2026-03-10 08:10:00,P-03,89.69358380088326,56.23261265720562,416.0963291199622,124.18520276012917,1.8677478613241338
2026-03-10 08:20:00,P-01,85.34594665872272,51.40129645559734,450.2391382532495,119.6248162156873,1.1063594312212086
2026-03-10 08:20:00,P-02,83.57629834235506,52.21788808704927,442.7497056029767,118.63492158895097,1.612196822019261
2026-03-10 08:20:00,P-03,84.53585171723432,48.33634946336655,357.7327418915647,119.85898126043719,1.327908023089486
2026-03-10 08:30:00,P-01,85.95838314749409,50.77363572999155,441.66137493028253,119.45235518323052,1.4512927268757867
2026-03-10 08:30:00,P-02,84.212649661592,47.22307776194919,441.2263866835024,124.708492631817,1.6628277504062545
2026-03-10 08:30:00,P-03,86.88895302428938,43.88480993957055,346.5587468454747,115.6471077044768,1.18853015753971
2026-03-10 08:40:00,P-01,84.2178479381029,50.88298100199467,451.51945184484913,123.29123437353259,1.7353916630877146
2026-03-10 08:40:00,P-02,85.68916658239738,50.97139296446954,448.3509800398757,119.49070892557263,1.3891655289119829
2026-03-10 08:40:00,P-03,84.45760099559838,47.37220167915767,305.23592893181177,120.39092996598202,1.6316801640826046
2026-03-10 08:50:00,P-01,88.35273066282365,50.732046580859375,451.01135135120137,120.12643731703422,1.4597407219208574
2026-03-10 08:50:00,P-02,86.84103997901049,50.01333231775375,442.5202473028787,123.21385018140234,1.2002008119375813
2026-03-10 08:50:00,P-03,87.0487818480516,46.30866856640645,280.274345883891,120.26928795717096,1.3872147558147994
2026-03-10 09:00:00,P-01,84.77721550965606,48.76670251644807,445.2191544747608,114.71715326253617,1.5435730380875778
2026-03-10 09:00:00,P-02,81.37472165126249,50.93337968469844,449.1016236053122,123.62877523950806,1.443014374992259
2026-03-10 09:00:00,P-03,82.87829052007795,55.23409436489222,252.02172272492086,124.30579421396664,1.238237167174091
2026-03-10 09:10:00,P-01,84.31449582106099,51.09077104157009,446.88223619872844,122.01562991410566,1.220549330163755
2026-03-10 09:10:00,P-02,85.44321600038656,49.90426283388119,449.7513144043718,117.21977485214323,1.9041848182718288
2026-03-10 09:10:00,P-03,90.40863679914916,48.436554018898875,486.3449760879673,119.57081245082185,1.4976410892902372
2026-03-10 09:20:00,P-01,83.5097018203195,48.97948580244127,447.98784256447726,122.16408126400292,1.8709181971062503
2026-03-10 09:20:00,P-02,82.56780028058051,50.42640186876403,442.41117758779393,125.34483133577042,1.66464894459795
2026-03-10 09:20:00,P-03,85.47164013269462,54.03380271552035,496.8088634561637,122.93791965920771,1.6298688115876485
2026-03-10 09:30:00,P-01,83.48834461953369,50.78743424073106,450.3775707618185,118.90568348181915,1.4419776478911632
2026-03-10 09:30:00,P-02,82.41748888932355,50.51252601011174,447.91267106710256,120.03082881282717,1.4735598129555867
2026-03-10 09:30:00,P-03,86.24917704420918,42.118753329241095,361.3142319900339,120.95235931882242,1.3535262532746632
2026-03-10 09:40:00,P-01,85.48091304335786,48.552050124229226,461.6529713547947,118.64223940551796,1.3236843056737517
2026-03-10 09:40:00,P-02,84.7546068806116,48.298596061111986,447.5694109061707,121.03225090610107,1.6161119291484054
2026-03-10 09:40:00,P-03,83.81797584715879,55.2292741868545,482.65131215952744,122.06410743847347,1.5046405941706147
2026-03-10 09:50:00,P-01,84.67741304321704,50.31021156991531,446.5295473479016,119.96822009892499,1.5815526329538065
2026-03-10 09:50:00,P-02,88.12318935090039,51.577163068366936,452.6315438000932,118.25140281435878,1.4051737782493587
2026-03-10 09:50:00,P-03,82.88983823322303,60.09046942645613,533.7579282194314,121.78081637116641,1.400996948351115
2026-03-10 10:00:00,P-01,86.2079874790307,51.55451268697512,451.15515135659035,118.45631846831013,1.6892140864997949
2026-03-10 10:00:00,P-02,84.87187063653465,51.11196342339217,454.90244274158323,120.76643920037817,1.6255735091106167
2026-03-10 10:00:00,P-03,82.5475045129879,56.78580848113054,587.0189206897791,118.56084946802328,1.0564808603901734
2026-03-10 10:10:00,P-01,85.80850783226654,51.08400903985213,443.38720924171633,120.12097833478445,1.2034679732419358
2026-03-10 10:10:00,P-02,85.40851434939076,51.801317602069425,452.73177646303446,115.03329251547284,1.4400626094827473
2026-03-10 10:10:00,P-03,84.08251716577202,32.27781581150913,386.8723104460401,119.27892781244114,1.413474370649094
2026-03-10 10:20:00,P-01,88.36241937333887,50.90807139867531,446.464663220103,115.125537496672,1.4297861766546092
2026-03-10 10:20:00,P-02,86.50241109688307,50.921954664820056,447.5748131541949,123.23946758841558,1.5627356615512191
2026-03-10 10:20:00,P-03,84.43845835947212,51.51903456691785,316.00237367988893,118.23352928261842,1.4925001958377153
2026-03-10 10:30:00,P-01,86.98983072365884,49.56390492910353,447.22543015108397,121.19276664570228,1.6638896524101963
2026-03-10 10:30:00,P-02,86.90694933137561,50.15286561483006,442.95394649176137,120.07222225728599,1.2182248832423406
2026-03-10 10:30:00,P-03,86.14331784620941,59.80533643808101,533.7697287339643,120.45858069768467,1.5314865530740716
2026-03-10 10:40:00,P-01,86.67620761027179,50.101429935157974,452.8598071848243,119.19040487499328,1.5975203422280948
2026-03-10 10:40:00,P-02,82.92216748304602,49.642492344519624,452.3021605889701,119.76348993805439,1.6597614596835675
2026-03-10 10:40:00,P-03,82.3109944208178,50.61964074013223,401.9486107057132,120.01738887005004,1.3029651668012954
2026-03-10 10:50:00,P-01,83.4626291708027,49.94200496618658,453.2970713335109,116.54349415790121,1.8282951625421144
2026-03-10 10:50:00,P-02,85.44888360509727,49.44712731161919,447.87887639764415,117.50133095577242,1.3867888095862986
2026-03-10 10:50:00,P-03,82.14111248897042,37.28550359270932,464.511974317163,120.38660188566575,1.5942667754786661
2026-03-10 11:00:00,P-01,84.07393067776911,50.647129851598116,447.7297802796364,117.25485975045335,1.6498510352437403
2026-03-10 11:00:00,P-02,82.10183972146771,50.23793034132197,450.80455888268267,118.58000322184947,1.5580611242560354
2026-03-10 11:00:00,P-03,82.57080331108979,50.9145954863581,316.9900747936712,122.36757204331822,1.6901289128515478
2026-03-10 11:10:00,P-01,83.15582897706508,49.708993218786645,449.915905945244,118.9398376413638,1.656714493102181
2026-03-10 11:10:00,P-02,85.51148130224576,50.474040155158654,437.8138432435709,117.02687132926914,1.560653623658305
2026-03-10 11:10:00,P-03,86.26074387894907,52.01155404242546,355.70815428159875,121.83219670057183,1.9384183090921432
2026-03-10 11:20:00,P-01,83.08583909427931,49.904070374464254,460.2205733824778,119.80168802475485,1.449822217811718
2026-03-10 11:20:00,P-02,83.84304169809471,50.350218268870336,460.1244216258856,117.65832586583771,1.5997244015841317
2026-03-10 11:20:00,P-03,86.3018376509275,52.63813908364361,315.594867761319,115.39812991222692,1.8595482196268738
2026-03-10 11:30:00,P-01,84.74419658380727,50.93356542425327,448.0933598481475,122.8900754015916,1.4271082490521914
2026-03-10 11:30:00,P-02,80.17923730320315,50.21763947515322,452.66662551579384,119.59421668941724,1.4159364921893292
2026-03-10 11:30:00,P-03,85.3350859177583,57.626423946168785,411.0448018403337,115.04135054233362,1.9278581272294093
2026-03-10 11:40:00,P-01,85.64657180569351,50.610891595510346,448.7747714338905,120.418977612093,1.4932143509322626
2026-03-10 11:40:00,P-02,84.07532518667311,49.329036540237695,445.02903366311756,114.50215677550825,1.7253626193431988
2026-03-10 11:40:00,P-03,84.70611664933303,40.78087131113093,365.4078259015557,115.30438166576882,1.4938222909684635
2026-03-10 11:50:00,P-01,82.46093425035475,49.0367195960008,447.20045808820316,119.72591115239746,1.2280727547638561
2026-03-10 11:50:00,P-02,82.43129286621826,52.35850990031804,446.07378206146876,122.32309227222652,1.593906248466385
2026-03-10 11:50:00,P-03,82.96099882577158,36.67673919794266,417.3946440192584,119.16298708783869,1.5102787439441803
2026-03-10 12:00:00,P-01,83.2816189047587,47.42015561213398,448.48027866844154,120.41382785106268,1.169784523571966
2026-03-10 12:00:00,P-02,81.21822974105032,49.6057350130772,445.007850093787,115.93931662842314,1.796266721813022
2026-03-10 12:00:00,P-03,80.8830626672388,47.565934721848365,615.9612555756718,116.53228635676564,1.480745521135456
2026-03-10 12:10:00,P-01,84.80682562695465,48.07429635368621,449.5878802452416,119.73795112682457,1.7430107786917772
2026-03-10 12:10:00,P-02,82.27195041818209,50.27627679071045,447.7490633560614,120.99840542445423,1.602565813726648
2026-03-10 12:10:00,P-03,82.32756537649799,67.73218234280485,460.2255253071458,119.04301415731028,1.5777271908793606
2026-03-10 12:20:00,P-01,85.0595107483363,49.57223195608612,451.94731923727414,118.86566676935429,1.520524314994083
2026-03-10 12:20:00,P-02,85.6267576446293,49.5674524279651,451.0946952700483,114.59055314976031,1.7696976419987644
2026-03-10 12:20:00,P-03,84.35008227493405,44.992829355115774,421.10275593929254,121.211882105214,1.4347867654906359
2026-03-10 12:30:00,P-01,87.0810917861745,50.44322498659796,439.0900622532679,120.80939008423086,1.4368152133866234
2026-03-10 12:30:00,P-02,88.57508525487364,51.75889768634876,453.08162046295865,119.28226920899154,1.5132519685090373
2026-03-10 12:30:00,P-03,83.54515279194254,66.24074657584455,479.99077104356803,117.41452809954741,1.2859916271949028
2026-03-10 12:40:00,P-01,89.19112911925727,51.54806326028699,450.71830699637934,119.0769974360089,1.705560336597278
2026-03-10 12:40:00,P-02,84.53821899504608,49.54036203947787,452.28723528296166,120.06674840410217,1.251357737504241
2026-03-10 12:40:00,P-03,87.8459086155442,56.758756225927506,639.0106652116007,116.76170931769533,1.5820734067859437
2026-03-10 12:50:00,P-01,85.78038628535981,50.39785673999146,443.9294300484176,120.66590846102345,2.0530004852606907
2026-03-10 12:50:00,P-02,83.67851908382124,49.28999505851562,444.69322140880587,120.637509380425,1.4115957225374358
2026-03-10 12:50:00,P-03,86.94064186563197,51.77806932133954,360.7897122167871,123.0099432623178,1.5272177531708673
2026-03-10 13:00:00,P-01,90.31106848437246,50.78480933922055,450.11829279873814,123.01703542892217,1.432038205909471
2026-03-10 13:00:00,P-02,85.433200022956,49.600491813127654,453.37184782199904,118.99525970236708,1.2444751072748268
2026-03-10 13:00:00,P-03,85.88380173078201,55.04576693010794,379.4755677430629,121.8039657357167,1.4255102818863494
2026-03-10 13:10:00,P-01,86.96893149292812,50.26687407630658,454.0894888352322,122.44492129813996,1.400375329527521
2026-03-10 13:10:00,P-02,86.42587347868572,49.833573964645446,455.02246375732864,120.91871377624818,1.5095975829063497
2026-03-10 13:10:00,P-03,84.25580446088787,43.896251376704036,427.11016411246675,121.46289244802458,1.645206394483105
2026-03-10 13:20:00,P-01,86.24560715807107,50.66541248114749,453.31200641942996,119.63666403705422,1.8748468081377436
2026-03-10 13:20:00,P-02,82.25527491982487,48.408730500961106,452.7802985851852,123.53495008412952,1.6043043592890869
2026-03-10 13:20:00,P-03,84.61260708857331,58.832140426739265,388.26741713183463,114.53987793251378,1.4180237939238476
2026-03-10 13:30:00,P-01,82.74763282300303,50.77026975565108,453.1570115122348,119.65022027604225,1.5946193589040454
2026-03-10 13:30:00,P-02,84.34600866003755,51.12542921095141,451.4920711472422,126.07175027376823,1.475731856154626
2026-03-10 13:30:00,P-03,88.31837706997452,52.475255316966766,335.91530509880243,121.65416886510913,1.564375740183836
2026-03-10 13:40:00,P-01,84.24153320175901,49.14439700631056,444.42373819723554,115.12352993851735,1.4891478363790593
2026-03-10 13:40:00,P-02,84.196654183488,47.89810633635112,449.84464505768887,119.44622382997122,1.2791261081644667
2026-03-10 13:40:00,P-03,85.56272597964117,39.61275162948009,519.9095421318656,122.3333630659993,1.711376761570961
2026-03-10 13:50:00,P-01,87.057552414963,50.27153524964729,452.2219825681161,119.68884924836566,1.7032696371511937
2026-03-10 13:50:00,P-02,86.06694106196986,48.70401585826762,448.4923932513334,118.57014047996884,1.2384763609547442
2026-03-10 13:50:00,P-03,85.34518601679908,59.741115456789224,459.0203236807351,117.10611514200805,1.638913416509868
2026-03-10 14:00:00,P-01,83.74839567395968,48.600384994933776,453.1925100674887,117.19899339244913,1.5590903518699806
2026-03-10 14:00:00,P-02,87.54801897729251,50.26686801783302,450.9526938192477,118.26216581511268,1.7630509979362348
2026-03-10 14:00:00,P-03,87.30218332876238,46.97316154883273,448.9391818017484,118.28524058483681,1.061531978439387
2026-03-10 14:10:00,P-01,87.51178931094059,49.87263717169849,454.2376570528484,115.21806223554542,1.30449374701152
2026-03-10 14:10:00,P-02,85.79004366699058,51.436978401174066,443.81083910242785,120.88132419120033,1.6689462126301133
2026-03-10 14:10:00,P-03,86.19754923495857,59.13729747703112,409.904787250031,123.73020608045468,1.7442410713606604
2026-03-10 14:20:00,P-01,87.2008857962897,49.02598952376649,449.6852712005118,118.07770419041118,1.3553733326071404
2026-03-10 14:20:00,P-02,88.28995667838706,50.602778312181805,445.2956785661181,121.56419828021009,1.569003502412439
2026-03-10 14:20:00,P-03,83.6798588029466,75.3596040242683,364.387554138691,119.69130626948804,1.5160337973958906
2026-03-10 14:30:00,P-01,85.2215838627853,50.19176538837078,442.23924127446213,118.24087008884037,1.4767635013684637
2026-03-10 14:30:00,P-02,84.40287304035502,49.67052219056372,447.73563674431495,120.43797340779305,1.4919307141377596
2026-03-10 14:30:00,P-03,82.52781260019563,55.09407897090898,525.869719964761,117.83692903479239,1.5201068016840533
2026-03-10 14:40:00,P-01,83.05617212314135,49.60497142920081,454.73314540336065,119.19830807039563,1.2966494877615076
2026-03-10 14:40:00,P-02,84.52035701456273,48.88139603445932,446.3196699280908,119.20138451055068,1.754120320575372
2026-03-10 14:40:00,P-03,83.17659487289946,53.15947028236478,529.5972823605878,117.40746589396981,1.3479367221147804
2026-03-10 14:50:00,P-01,86.33401170681343,47.93500711843932,450.54704670577655,120.5290302979205,1.477377614102097
2026-03-10 14:50:00,P-02,84.93835042095824,52.47441360082634,452.073346562179,125.78226069250672,2.050265736942386
2026-03-10 14:50:00,P-03,86.36562254568406,48.62200242893455,394.48155832970104,120.70088870459593,1.6896568474564355
2026-03-10 15:00:00,P-01,85.41530163094973,49.04915881657169,452.6539789501791,117.64013959732131,1.2332076734632356
2026-03-10 15:00:00,P-02,82.8480044620527,50.835614502658075,448.0607229279416,124.52920966648213,1.5303995884986343
2026-03-10 15:00:00,P-03,91.33600939648866,62.2489574048251,406.51318677467265,119.65884163572466,1.6870875897084778
2026-03-10 15:10:00,P-01,85.22055496053001,50.401119269066996,449.69087214711215,125.5920220643455,1.5491220717114427
2026-03-10 15:10:00,P-02,84.7503367592575,48.35201442673352,452.29000782936834,118.206371130162,1.5662438627481834
2026-03-10 15:10:00,P-03,87.37959365553681,33.465585904742014,326.93683145989183,120.6013293903551,1.862436283405936
2026-03-10 15:20:00,P-01,80.43313062795536,50.98916173295407,447.8916480813018,120.9899326497787,1.3691553244204209
2026-03-10 15:20:00,P-02,85.24844410042515,50.06811079110696,453.08097538137116,117.73845726056412,1.6723090375327163
2026-03-10 15:20:00,P-03,85.23471430723544,52.820096476159904,564.7739072201333,114.91736607878295,1.7772374338363082
2026-03-10 15:30:00,P-01,83.75603108312235,49.76252619799971,449.0888465170512,125.97165819066514,1.1879566218808537
2026-03-10 15:30:00,P-02,85.37162286965957,48.96217588777372,447.6260058519266,120.16800571492655,1.6478637459610452
2026-03-10 15:30:00,P-03,85.59240762220949,58.952635230611065,411.5492336857351,120.16765765142117,1.431682188006568
2026-03-10 15:40:00,P-01,88.67172017266604,49.80311516708659,452.40530097319305,119.03142545325233,1.9019395062340625
2026-03-10 15:40:00,P-02,85.71379935240849,49.65662412196412,443.8123958829975,118.12823716944116,1.482316582517578
2026-03-10 15:40:00,P-03,84.19887741639245,52.46179854288338,396.35767085024787,120.30350039264522,1.4817169053747623
2026-03-10 15:50:00,P-01,83.07493043453496,50.361225390748025,448.9708467496261,118.60381266418779,1.265510670829777
2026-03-10 15:50:00,P-02,86.14136123373808,50.19302534140007,456.8200832498299,118.66731710895534,1.8810311807300495
2026-03-10 15:50:00,P-03,86.6050761923201,47.7277635162503,436.7512701820533,122.08412046617488,1.2953088277054507
2026-03-10 16:00:00,P-01,87.96144685868893,51.41680760068704,452.3248566866282,117.02963955097948,1.485348085326186
2026-03-10 16:00:00,P-02,85.98642589160569,49.59113586412788,454.6819526405272,123.85745595535178,1.5622446938262162
2026-03-10 16:00:00,P-03,85.5334031079518,53.7536423587736,542.1476298653755,121.57562423978821,1.359169817113385
2026-03-10 16:10:00,P-01,84.26841834066985,50.07409018771039,445.9310703066013,119.94377062468655,1.6478366474435726
2026-03-10 16:10:00,P-02,88.96334243647608,50.611684264903374,445.3785301533697,118.99302407546412,1.440576086627575
2026-03-10 16:10:00,P-03,85.49825504158271,49.88512647716625,519.1146147254815,121.82544535508737,2.009223489775755
2026-03-10 16:20:00,P-01,83.34975651226543,50.35135416168588,452.24548668149663,118.48971643555014,1.7241696866714522
2026-03-10 16:20:00,P-02,81.86760886695203,49.36527011703758,446.58573827458855,119.36673574120138,1.4891943568559471
2026-03-10 16:20:00,P-03,80.84995523425451,38.54711793522845,494.72292883067473,118.98067351142802,1.208808576221661
2026-03-10 16:30:00,P-01,88.28580128382767,48.11365656862043,450.3185032815457,121.0980494374775,0.9909368977982386
2026-03-10 16:30:00,P-02,87.57428325641806,49.941131739782236,454.6782584256448,124.86822038836571,1.699481832680164
2026-03-10 16:30:00,P-03,86.33225596757886,42.821671789487965,386.96155998482294,118.13200071379403,1.3592398674893453
2026-03-10 16:40:00,P-01,86.53730949179,48.40070098079819,448.57002350089454,120.7325482641158,1.7086582686246952
2026-03-10 16:40:00,P-02,85.58621067675432,50.04718813927335,449.34872776684733,120.89881271375215,1.3171888776160585
2026-03-10 16:40:00,P-03,86.08492830814315,43.35287085560393,464.0494510906685,117.2128725600027,1.604055223895288
2026-03-10 16:50:00,P-01,89.42308596991732,49.315633659369745,448.22998386277663,122.25701460617312,1.568017513583695
2026-03-10 16:50:00,P-02,85.19473395929491,49.644757507570105,458.08002139896615,109.48247470303744,1.3169073368550541
2026-03-10 16:50:00,P-03,85.23015178224267,54.91936368030525,284.65519025796146,116.98105767603145,1.70715251675977
2026-03-10 17:00:00,P-01,85.70944168160398,48.63497585294857,453.3780394645174,124.22414549674575,1.8719875147692802
2026-03-10 17:00:00,P-02,86.71942127581154,50.44409679908065,455.7132846723267,121.1730053590704,1.2840494311858295
2026-03-10 17:00:00,P-03,88.75146822312698,51.80597592410392,318.64793011200817,119.76683893865317,1.7355749899711022
2026-03-10 17:10:00,P-01,83.29619451290066,50.39591841268994,444.1596201341974,115.00429394389818,0.9600383733547001
2026-03-10 17:10:00,P-02,84.00028859297531,50.32256103092703,444.5389930915947,124.90984564084948,1.3665312162178826
2026-03-10 17:10:00,P-03,85.47290267262689,48.73613429513322,473.8133960613042,120.8296984537232,1.5474819003186557
2026-03-10 17:20:00,P-01,84.10697790570869,50.808285798754476,455.44122328656783,114.29760888154655,1.5699295747249236
2026-03-10 17:20:00,P-02,83.81024249523513,48.346390470260374,452.6684476066882,123.15212040560512,1.150188077343934
2026-03-10 17:20:00,P-03,88.36985432778398,49.40541465675443,482.8965760389216,116.68693780011145,1.4973382522164551
2026-03-10 17:30:00,P-01,86.5328019317642,49.78896186870703,450.9372313274193,121.79564277141907,0.9826424172953674
2026-03-10 17:30:00,P-02,85.43789203001778,47.68243421178594,452.62750251074345,118.75681883631371,1.574456150509282
2026-03-10 17:30:00,P-03,87.93536103531085,44.7637289327484,342.2424056577331,122.4217373261779,1.6729831194257903
2026-03-10 17:40:00,P-01,84.4041792551568,48.23744567333141,458.45666027415064,118.20978091063684,1.2991018585514986
2026-03-10 17:40:00,P-02,86.81094424867595,50.792607489616046,443.8641720194943,114.9925034808276,1.3725061097286488
2026-03-10 17:40:00,P-03,86.47323931196676,60.9718007188918,407.2290257433194,121.72172779366942,1.1529802965744544
2026-03-10 17:50:00,P-01,85.73799697390203,49.759726952382906,446.3811473452462,121.10190944913386,1.2482247836119136
2026-03-10 17:50:00,P-02,87.89707729693036,48.00024037474528,444.20058901463335,114.91823796496608,1.4692658627104815
2026-03-10 17:50:00,P-03,88.75688150562318,51.088820850682254,549.8919758948922,121.66726815307676,1.332671012438467
2026-03-10 18:00:00,P-01,84.15616208732375,49.379848017760786,443.81768593063305,116.90856359214244,1.4955933949002977
2026-03-10 18:00:00,P-02,82.53640029721636,48.895385537378246,452.24915398497365,127.81673770987949,1.3656420176488042
2026-03-10 18:00:00,P-03,82.29985850732801,47.820778458192635,328.93433590584306,121.7444185486631,1.6071827551506457
2026-03-10 18:10:00,P-01,84.45830632587806,49.034094397547406,454.2877774669333,115.11814462518808,1.1966678908120092
2026-03-10 18:10:00,P-02,85.96639609501574,49.346266687621764,453.78882352920306,120.80851527800336,1.2496494343545783
2026-03-10 18:10:00,P-03,83.74340464046668,38.11107156423234,439.2606677338478,117.32504975044405,1.6682132018691833
2026-03-10 18:20:00,P-01,89.4371771631825,50.17193536175117,449.0858557678392,121.73880187217956,1.3898529760230218
2026-03-10 18:20:00,P-02,89.35389145332239,49.58678060405512,448.01935939705936,116.86970327116315,1.748521767713182
2026-03-10 18:20:00,P-03,83.2502366435632,61.457031264346355,492.5053882069215,120.4857831227436,1.767675404054412
2026-03-10 18:30:00,P-01,86.1134492226409,51.12935209041432,454.79574043266797,121.6126134362457,1.447636496956019
2026-03-10 18:30:00,P-02,84.58673162605841,48.97719742204536,442.0301949326318,118.38986332194428,1.1941640411122387
2026-03-10 18:30:00,P-03,83.99417831592062,36.7654215218593,529.8961410004089,117.45848479203369,1.4688724042171575
2026-03-10 18:40:00,P-01,85.18121891824154,49.63977952777589,451.5155262174832,115.62873299403148,1.8553179379329703
2026-03-10 18:40:00,P-02,82.47933265768157,50.72525964081697,448.2157576932787,115.02915023223937,1.2955619559645721
2026-03-10 18:40:00,P-03,83.04056253634198,63.12889498737884,468.080076439647,119.07719433799252,1.4955149998703423
2026-03-10 18:50:00,P-01,85.30997958439848,51.411658216737386,454.87145673266264,126.81087697934684,1.2460937884654384
2026-03-10 18:50:00,P-02,82.12467998964586,49.33600937741521,453.7330653961289,117.84427839805585,1.3186937364322606
2026-03-10 18:50:00,P-03,86.79229416642043,45.85275291480897,427.0714788435658,118.8919230329664,1.329551595691422
2026-03-10 19:00:00,P-01,84.95446293226232,50.469902608325334,449.2953824073522,117.40588090859475,1.1246025663208665
2026-03-10 19:00:00,P-02,82.30640207155525,48.00805440106219,455.94586860752577,122.24400964513057,1.427112798898929
2026-03-10 19:00:00,P-03,84.94630581462984,57.89028191378162,389.1113061965047,123.35448899345266,1.2410600926935305
2026-03-10 19:10:00,P-01,84.60448164909816,50.863303116154505,447.0079982114865,124.09318026128653,1.6024163547225552
2026-03-10 19:10:00,P-02,84.84078949220181,48.50014815555747,454.233890424586,119.67643424846605,1.2214499090387165
2026-03-10 19:10:00,P-03,87.05655780114525,56.60216931861319,409.7590996036514,120.20043171017605,1.220114322044909
2026-03-10 19:20:00,P-01,83.008475049856,49.66022664945454,449.81072190673586,118.78597993394082,1.6511002776389425
2026-03-10 19:20:00,P-02,84.12098600387947,51.183353864051725,453.27756894647865,122.97864968906428,1.6489794366604935
2026-03-10 19:20:00,P-03,84.8290709029056,32.73513177674621,406.6267710091918,116.86100489982368,1.2714621650788616
2026-03-10 19:30:00,P-01,83.38515401546792,50.94807027943178,443.12328661703975,118.69798760430862,1.4279507448525204
2026-03-10 19:30:00,P-02,83.38716688312208,50.28666713799156,453.977555452479,119.34023463197087,1.431005574880834
2026-03-10 19:30:00,P-03,85.69607103027309,59.86948810065292,389.2992976042329,119.00249136598353,1.7009091301086343
2026-03-10 19:40:00,P-01,83.59147593453243,50.61890403191135,447.9007472637452,122.87904411818194,1.5714861446697195
2026-03-10 19:40:00,P-02,83.4296125423343,50.55743151343731,458.4527975489808,120.21012798848916,1.8798329253597716
2026-03-10 19:40:00,P-03,86.3948287782796,47.42355248849477,308.4570065633,123.43706192140003,1.5064466773323104
2026-03-10 19:50:00,P-01,81.16301047257987,49.287349929505,453.258539452016,121.25469601638399,1.3297449931377534
2026-03-10 19:50:00,P-02,82.71989287809157,49.31962883435862,452.651055852716,120.5433394039627,1.644542100546703
2026-03-10 19:50:00,P-03,85.3736143027428,56.21095568599882,370.0641407155844,119.29467083086845,1.2091219674848959
2026-03-10 20:00:00,P-01,87.52219331948447,49.40920425730648,452.1633292608104,119.23233152381566,1.6275715327633016
2026-03-10 20:00:00,P-02,86.68467608131064,50.293685690624834,452.57274805543074,114.7222245368921,1.572363796861272
2026-03-10 20:00:00,P-03,84.69744579295924,41.15437562409855,579.2917782393788,116.91698579246234,1.7041282063178769
2026-03-10 20:10:00,P-01,86.7500126949108,50.32469283995085,446.5517837219846,115.93482432445063,1.3362923794689658
2026-03-10 20:10:00,P-02,85.08650338388779,49.5315461909541,449.93608721241634,121.92614980746754,1.500375366013007
2026-03-10 20:10:00,P-03,83.37712017804998,58.87235048418748,504.79915241135546,116.0503824557366,1.5386946490147397
2026-03-10 20:20:00,P-01,86.01519781337215,49.44597487266239,456.1742705005298,123.52017141606679,1.6336098274684787
2026-03-10 20:20:00,P-02,85.23511029779017,48.99112738286609,447.0721011620165,119.18316688339367,1.36661774803005
2026-03-10 20:20:00,P-03,82.29384091893253,47.910766308593224,509.0249187630938,118.35488842969278,1.6312230768713405
2026-03-10 20:30:00,P-01,83.27287940528161,50.601193489646576,452.60540016400495,122.08402385483551,1.359736540102768
2026-03-10 20:30:00,P-02,86.8129897118699,49.09180373499845,449.29610213573665,120.52000886771238,1.1002108916013205
2026-03-10 20:30:00,P-03,80.16841229110919,34.41479346651474,329.9457216415024,127.6134828122676,1.3924816614261137
2026-03-10 20:40:00,P-01,83.89127985217803,52.11385791295855,450.66462672698776,117.90397223420536,1.9016075788236684
2026-03-10 20:40:00,P-02,85.852300919541,47.95308324606726,452.96334496778456,118.66366993280198,1.335475603656133
2026-03-10 20:40:00,P-03,85.13109877254357,45.76374856461111,520.4253982061772,124.52390855641315,1.3659701952891827
2026-03-10 20:50:00,P-01,84.54453768512462,49.165605016409245,448.5029358255003,118.67523605050752,1.9282676319610668
2026-03-10 20:50:00,P-02,81.05499772081879,50.68679976411211,450.8251586760833,112.87417738972464,1.7047899129117086
2026-03-10 20:50:00,P-03,89.11279126181073,50.396362928236,457.3603023547937,115.10181568027438,1.842149002699141
2026-03-10 21:00:00,P-01,83.6834211189316,49.79655975214478,444.9905592785657,117.56629326993237,2.133103779738028
2026-03-10 21:00:00,P-02,84.34636953811406,51.526250240159385,448.90821466420806,122.87987000894745,1.61508864516284
2026-03-10 21:00:00,P-03,82.88929457827723,38.15244780167183,428.26994317513913,119.53249171653395,1.550553079699946
2026-03-10 21:10:00,P-01,86.38463443951758,49.12897584739041,455.6907818710089,112.24514483757329,1.6698930781540582
2026-03-10 21:10:00,P-02,80.93394746070722,50.17617088959312,455.7588394368658,118.23964804433923,1.8106190050712148
2026-03-10 21:10:00,P-03,84.33307554151672,59.421253574787805,331.90968402854713,117.08440833786449,1.2140711435014
2026-03-10 21:20:00,P-01,85.23635999215956,51.11620063727762,452.7457425995329,123.77858171304358,1.581189116928433
2026-03-10 21:20:00,P-02,82.90743512626332,49.76273404825132,449.13163005566577,120.3915132054673,1.4671781568174187
2026-03-10 21:20:00,P-03,87.03467525546937,53.510739380144095,576.5554771675414,126.12971629923702,1.392337929106254
2026-03-10 21:30:00,P-01,90.43873853018401,49.82366627071028,457.1681759517046,119.72463561372327,1.2909495603166519
2026-03-10 21:30:00,P-02,87.90633855548136,51.765635799973424,450.4707762490266,118.23134877651906,1.628367294086861
2026-03-10 21:30:00,P-03,82.83247747722803,72.81417261849171,655.4107217430405,119.87320266414066,1.6183750401088888
2026-03-10 21:40:00,P-01,86.62573437583208,51.399898105553184,448.8916346052318,122.03160572194713,1.4547876569963838
2026-03-10 21:40:00,P-02,86.19068122962554,50.34803917121224,442.1917254696207,125.55646715343629,1.6644952145464127
2026-03-10 21:40:00,P-03,86.34268292819611,68.99964287588679,407.1194830363949,121.58359599958706,1.3335602249733578
2026-03-10 21:50:00,P-01,85.64394860085454,48.9232960216548,454.5294546026487,121.90874627678369,1.6494688779336595
2026-03-10 21:50:00,P-02,82.84611238049241,51.31694625780909,448.75410684877124,119.67769948069135,1.8361071545861782
2026-03-10 21:50:00,P-03,85.41071836190184,54.331771251496626,590.5589532839784,123.15887497182192,1.4549905367323317
2026-03-10 22:00:00,P-01,87.29790228490657,49.511331048082575,454.0551747074392,118.21306587162033,1.5280395694469247
2026-03-10 22:00:00,P-02,86.63817318372345,49.31654559833544,454.0065863533741,121.1274552960816,1.3985233171058642
2026-03-10 22:00:00,P-03,84.18301486772981,57.863834649389496,502.37797642579386,119.42539079713859,1.5484111235409985
2026-03-10 22:10:00,P-01,82.32126871042247,50.243980571785166,453.8128121846195,121.39699647116761,1.6291873489574606
2026-03-10 22:10:00,P-02,83.00807626870203,50.779337991346075,451.61230594068013,117.60964168191944,1.4983919564056198
2026-03-10 22:10:00,P-03,83.46780069721265,65.40874386340168,532.6851166452678,123.24308032460279,1.2801787949743577
2026-03-10 22:20:00,P-01,86.63491620099389,50.295871034968506,448.258709855101,118.97367884799823,1.343375111519821
2026-03-10 22:20:00,P-02,84.57615563664382,51.43807493911052,445.36319481309505,119.91266297576475,1.5868349998371178
2026-03-10 22:20:00,P-03,82.99431919227698,41.12788715476824,320.4370839397173,111.51543821449543,1.440052159547693
2026-03-10 22:30:00,P-01,84.79760011186771,50.02834474731742,460.76899773781764,116.7243138866394,1.2670921364189343
2026-03-10 22:30:00,P-02,85.56808721504393,49.70461075516784,446.03431348728407,115.16080929178267,1.0480640969425945
2026-03-10 22:30:00,P-03,86.82480749690433,44.5610591835568,460.4083865446433,120.49619505947658,1.286097036689136
2026-03-10 22:40:00,P-01,85.75360303965815,50.172288469973694,451.47702303894783,121.58789848119135,1.1588852876474787
2026-03-10 22:40:00,P-02,85.83001030934528,49.37392162589974,456.70632981973057,115.18515400775493,1.7977271519601294
2026-03-10 22:40:00,P-03,83.16034211598522,45.295370478832325,358.3231667318379,119.018209721963,1.6941367367075182
2026-03-10 22:50:00,P-01,83.21902210344186,50.90128070870399,449.12983573669493,120.68649663965928,1.1569004579115636
2026-03-10 22:50:00,P-02,85.22121401170273,51.22239681295763,452.72179478890865,119.18155536495064,1.3956525270336262
2026-03-10 22:50:00,P-03,87.27671234656061,46.56178054083369,436.7845480815858,118.36755476750491,1.6369684791750265
2026-03-10 23:00:00,P-01,85.23263043513322,47.42730166234566,445.13368317306293,122.28280819598997,1.6101570145092239
2026-03-10 23:00:00,P-02,83.01401431156359,48.109572537914396,448.2103774899678,125.45465765437159,1.4603734628144731
2026-03-10 23:00:00,P-03,84.7205605563398,66.03978273088364,457.4966546668074,119.32291756317603,1.7292032351219035
2026-03-10 23:10:00,P-01,84.64943047235367,50.42052760344382,453.5131301513109,123.6265157961408,1.4612726613865532
2026-03-10 23:10:00,P-02,84.6881220729782,50.17164401058966,454.6064038800282,116.56010261809688,1.7090266650563422
2026-03-10 23:10:00,P-03,85.51142139920012,34.53356241975785,332.0326466544436,118.4509113836122,1.6540078844782258
2026-03-10 23:20:00,P-01,83.73074021764059,50.81725461471162,457.5057068880999,118.56793191933725,1.3920264458002125
2026-03-10 23:20:00,P-02,84.75602438950133,51.66228545788048,440.6081101171748,116.9241514279796,1.5073796379497693
2026-03-10 23:20:00,P-03,84.86271040011965,48.49562808557382,376.5224792970267,123.97984328264255,1.4183704739441492
2026-03-10 23:30:00,P-01,82.29223436081986,49.69001541968127,454.93378704626247,123.65569179793475,1.235405061489784
2026-03-10 23:30:00,P-02,84.37693509294573,50.30241070470565,442.26631392152103,115.98553114650204,1.6754840742871007
2026-03-10 23:30:00,P-03,80.573382034587,52.825192977431136,483.43914697454295,120.32557069108222,1.4124011500821216
2026-03-10 23:40:00,P-01,84.5199695926848,49.73441585657507,446.91245724115504,121.33807941767449,1.5289412465372592
2026-03-10 23:40:00,P-02,81.6716837513863,47.374403655527644,443.5446473238193,124.33763077591088,1.4902437384168663
2026-03-10 23:40:00,P-03,88.30128913160735,44.04570921960637,285.53852267036706,120.46803986231498,1.3273491502572794
2026-03-10 23:50:00,P-01,85.52811543276448,50.91783686891575,451.8103174974073,117.31622046821778,1.2021488526516437
2026-03-10 23:50:00,P-02,84.79187494545651,48.73030905366369,452.2189187673991,120.21662682717273,1.5846792862087145
2026-03-10 23:50:00,P-03,85.42692329122659,79.42000431257739,457.4290217947176,123.5995801252962,1.6573037544997802
2026-03-11 00:00:00,P-01,86.23156372095936,50.07702622474714,454.78432655583447,112.83109779922678,1.3852111891516536
2026-03-11 00:00:00,P-02,86.84417779851094,48.880669242610644,447.5587903044662,115.90927878534315,1.6395379834877368
2026-03-11 00:00:00,P-03,84.80805290003212,46.42400578384418,419.9893396914369,125.66514772271245,1.3150269331523867
2026-03-11 00:10:00,P-01,81.75621824148021,50.50754919803929,448.23280824634975,115.23675049767226,1.3954307909172667
2026-03-11 00:10:00,P-02,87.75255069151717,49.017628196233865,438.59579562158575,120.9587671452633,1.5071372597782569
2026-03-11 00:10:00,P-03,84.13749607569363,54.61615626798305,533.6428041407356,115.10632466749826,1.7689993648608429
2026-03-11 00:20:00,P-01,82.51696833426527,50.0866235179989,443.19981894027643,116.44472507271182,1.4595504547153824
2026-03-11 00:20:00,P-02,85.0561134027526,51.6587975906361,454.7234026747507,122.1301821512978,1.4484419696587223
2026-03-11 00:20:00,P-03,86.19226153359901,31.485086066243273,371.30712141796624,121.98493075187116,1.3587505508397104
2026-03-11 00:30:00,P-01,84.18543150925602,49.692288109353086,455.40724720840245,119.92435557862854,1.4975765773484917
2026-03-11 00:30:00,P-02,86.16446738364998,49.532893775749955,442.9641175430714,114.69153035039474,1.035054720089069
2026-03-11 00:30:00,P-03,85.68864449796357,46.054480030112806,384.85420544995884,114.67410592175024,1.6767772165039745
2026-03-11 00:40:00,P-01,81.6943638027099,50.24155465771878,447.83918011109625,121.20317029458154,1.628278039307999
2026-03-11 00:40:00,P-02,84.59189732668902,49.63285791235913,449.85196287054197,113.18302680960394,1.7495817870991073
2026-03-11 00:40:00,P-03,84.85526452381193,73.43919905900846,656.5216578776177,123.3691309871589,1.4695382587264594
2026-03-11 00:50:00,P-01,86.15374212246564,50.34733047257083,452.42013536780377,120.00647864532199,1.7656885292640765
2026-03-11 00:50:00,P-02,84.45364750128617,51.019973417770174,443.86553437531234,122.03143829066076,1.414205195622267
2026-03-11 00:50:00,P-03,86.11922959044898,54.63434786168603,565.9787003370162,119.78078976404873,1.2608839494560378
2026-03-11 01:00:00,P-01,85.25173563154587,50.281273213117615,452.7796488011178,117.37684739247359,1.5035849643312234
2026-03-11 01:00:00,P-02,84.30297763850463,50.36816026391243,451.20714944735437,121.96714246674429,1.3935719329624987
2026-03-11 01:00:00,P-03,88.11902458449862,60.21833273440066,377.6569832433673,119.13705503367592,1.6861568978085608
2026-03-11 01:10:00,P-01,85.2184379098758,50.35066557989113,454.64050299782684,121.50865148966702,1.5724883341256728
2026-03-11 01:10:00,P-02,81.71316970548156,50.84661524534211,447.39313722329894,122.24004697052963,1.3905451363042547
2026-03-11 01:10:00,P-03,85.7814073742982,60.107691429319,374.66799193874186,120.59033570803389,1.496695924891421
2026-03-11 01:20:00,P-01,84.3669059981152,49.7050482093225,456.5233604398818,115.61706576848465,1.5677573785529446
2026-03-11 01:20:00,P-02,83.96211715392074,50.200538492287514,444.06525875777146,123.30489098017114,1.6380455487239258
2026-03-11 01:20:00,P-03,84.07668008818268,53.431018395389856,423.95715204346993,117.24672944718394,1.3197814941887982
2026-03-11 01:30:00,P-01,83.36094847516493,49.9684098339106,452.210304938033,119.14268020521756,1.6440684895229338
2026-03-11 01:30:00,P-02,86.59329690019207,51.24946745446027,447.6604433388671,118.2915696094558,1.4357942631156153
2026-03-11 01:30:00,P-03,83.46484595321431,46.69399896735939,428.23343141506456,119.96237429293626,1.499497614352689
2026-03-11 01:40:00,P-01,86.46746759605554,50.37642354428849,448.4539188702674,120.6744827140087,1.4710193797048223
2026-03-11 01:40:00,P-02,85.51253630231507,50.67402036876439,445.1652981375379,118.8646518684315,1.262326224661381
2026-03-11 01:40:00,P-03,85.52666638723939,45.22659298498387,466.8576573204556,121.6250704540406,1.7373228309549837
2026-03-11 01:50:00,P-01,86.52685297549746,50.970377604440465,453.37818938354286,118.12608493581548,1.6633629099523561
2026-03-11 01:50:00,P-02,86.20351218350736,50.20927534280764,452.9830579822623,116.90815334873423,1.3551090493606068
2026-03-11 01:50:00,P-03,84.84181274681174,66.77956368746933,739.7899637100398,120.09784210628278,1.5410055474526378
2026-03-11 02:00:00,P-01,85.8626404740502,51.14662865479364,448.84258707520206,122.31466417123244,1.4272542875440104
2026-03-11 02:00:00,P-02,85.90705206480136,50.43544575554965,456.0211201732125,120.31349391246478,1.371367765382539
2026-03-11 02:00:00,P-03,88.6116417964359,46.892079902449595,444.633208050876,126.95082614245133,1.2621022162767148
2026-03-11 02:10:00,P-01,84.44284286847117,48.77105181906356,456.21682646500466,117.53342119438915,1.5549715374497408
2026-03-11 02:10:00,P-02,82.28206678933199,49.53463076959876,456.6927059604673,120.55472679729363,1.265667686111715
2026-03-11 02:10:00,P-03,85.63914130924961,65.03962853230698,324.0290454003685,119.530447522503,1.5170045824423695
2026-03-11 02:20:00,P-01,88.79036223106472,50.52691354056509,446.05053983305237,122.67964765983548,1.5356153288666243
2026-03-11 02:20:00,P-02,85.72429063353007,50.37663298871366,452.2687887351235,125.16050252114364,1.3654176079983273
2026-03-11 02:20:00,P-03,85.07570263108543,39.63121673813343,421.39214494732977,117.63117760002294,1.4320218199536483
2026-03-11 02:30:00,P-01,87.00295693522197,49.68640562476525,449.6851514890432,123.5539406261727,1.2636653256081214
2026-03-11 02:30:00,P-02,83.26582579280709,49.98178788627221,453.6659701407296,118.83991881628677,1.2901769699126104
2026-03-11 02:30:00,P-03,87.07687885378492,45.518359934296825,543.9720133351519,122.96867572480122,1.4040305600773273
2026-03-11 02:40:00,P-01,87.17028598761691,49.59364708349861,452.8251626291285,117.54702721569801,1.4358132968071289
2026-03-11 02:40:00,P-02,82.29746479536283,49.411634674926724,453.1728114023362,116.503086140331,1.444483678220181
2026-03-11 02:40:00,P-03,87.3463779833072,54.15288267651074,394.66527586925935,120.35295772499529,1.3184825960669684
2026-03-11 02:50:00,P-01,84.78546583392061,48.6147653445479,459.7267292090127,119.42358202867432,1.4926578868784608
2026-03-11 02:50:00,P-02,86.69928204427626,48.03568207762933,451.4563504862922,119.6025954993245,1.5856884444293367
2026-03-11 02:50:00,P-03,82.29733233246853,40.69881341012027,312.8847392482555,120.96224584796006,1.0860554184866984
2026-03-11 03:00:00,P-01,85.73096655435225,50.98650907130103,447.10665408334734,117.96635449157465,2.1746959041888987
2026-03-11 03:00:00,P-02,88.20728196091544,49.51998301437382,454.86670443344343,118.24844539542886,1.5959791739863927
2026-03-11 03:00:00,P-03,82.64050093320213,78.77986767919602,535.2218556557384,126.48426426356306,1.5067534330407004
2026-03-11 03:10:00,P-01,81.62616977216476,51.72043527257643,446.0841884433888,117.49959301542697,0.9293664571217052
2026-03-11 03:10:00,P-02,80.55918916865197,49.02883999440749,454.0818016151974,121.36595020662723,1.3346704765285016
2026-03-11 03:10:00,P-03,84.27965971472379,39.56951105412234,436.8363089939433,117.6485110036729,1.4119185767072735
2026-03-11 03:20:00,P-01,88.51071863943834,52.646312874954816,447.2920880193275,115.83140526129665,1.3430698648574504
2026-03-11 03:20:00,P-02,84.08788144347388,50.03356575823144,451.88204502805223,120.30605918853828,1.5031901028285786
2026-03-11 03:20:00,P-03,86.3951321270793,44.49983519092295,337.1077302235799,117.21571533413965,1.774039458778731
2026-03-11 03:30:00,P-01,83.40773883239524,49.6016156690378,456.6354963583831,119.75342638924981,1.3645344298428892
2026-03-11 03:30:00,P-02,83.6908358086444,52.0136775028936,447.3637236331379,122.25597773396707,2.079368694461847
2026-03-11 03:30:00,P-03,86.9324766229543,57.10347414627455,473.6716058774604,118.04135423395302,1.6022096387625502
2026-03-11 03:40:00,P-01,81.23795114504158,48.403857843343175,439.16339503209207,118.25665169599951,1.3241664305145067
2026-03-11 03:40:00,P-02,84.74596493214703,49.46513560357285,454.3024431829972,118.09619093360196,1.6308291922309652
2026-03-11 03:40:00,P-03,84.17412299651369,51.777015465711884,434.24464616323456,117.04975780564259,1.7613231112705636
2026-03-11 03:50:00,P-01,82.33729618656486,49.85727187045285,448.0839081498036,124.06472014599966,1.2682095717650115
2026-03-11 03:50:00,P-02,89.40858435384627,50.46131940062044,445.5658101055016,118.6851474205299,1.4079337382610129
2026-03-11 03:50:00,P-03,82.31720286213162,49.00041308541796,402.41235994685684,122.2618476874318,1.6274013174505433
2026-03-11 04:00:00,P-01,83.95796454921414,49.88910078333736,446.76489732400375,115.0070695307274,1.3615900952537985
2026-03-11 04:00:00,P-02,85.39715658561035,47.99203491620211,452.5458672274438,117.5833318901456,1.4517481168898265
2026-03-11 04:00:00,P-03,83.90043678458836,52.93949275087246,380.51744451460814,118.89470943350604,1.4486455608139612
2026-03-11 04:10:00,P-01,86.41992515841159,50.314168581120406,453.150590997329,123.95971543148556,1.742975063842187
2026-03-11 04:10:00,P-02,83.70947208514785,47.94103337838716,456.0380248082058,118.73575328394607,1.7386188398736286
2026-03-11 04:10:00,P-03,86.44141732349102,39.41090340279805,333.4600396654055,119.73882274534756,1.3397477909994366
2026-03-11 04:20:00,P-01,85.89062778949125,50.281027580396355,442.6207104963245,120.77187524985209,1.5303375114166287
2026-03-11 04:20:00,P-02,84.07085992436565,49.12615961982789,447.7202360647114,125.79698882771987,1.5971755573453215
2026-03-11 04:20:00,P-03,84.8354300909297,48.071688528348645,363.9651674871995,121.12118286855453,1.5082665244472375
2026-03-11 04:30:00,P-01,83.76762317896524,50.418340645549,451.17181489757286,118.01501384012201,1.6376193147188975
2026-03-11 04:30:00,P-02,82.91120771705451,49.84107748356917,456.69754507838206,118.03077744875642,1.047750254877675
2026-03-11 04:30:00,P-03,85.88122921564052,36.141598173418764,357.7000625552525,117.12258855791265,1.7464410643780375
2026-03-11 04:40:00,P-01,87.41611800611511,50.60973303072055,453.59160021943455,119.21560134897764,1.7699188663727325
2026-03-11 04:40:00,P-02,85.66737059390672,48.112353664960516,452.9435844977735,123.00352748265169,1.3784209592593526
2026-03-11 04:40:00,P-03,86.22910876606792,53.32645434761717,317.20987480258805,118.82254292195591,1.7901670916767152
2026-03-11 04:50:00,P-01,84.89754055122144,48.706721219306196,452.1702847639521,121.73725981759266,1.7617114915418584
2026-03-11 04:50:00,P-02,85.24352703064179,51.272806928304185,454.8235814144839,119.26235386558139,1.4160960237709763
2026-03-11 04:50:00,P-03,86.06347704311239,70.06203145152581,394.2678715183952,121.6768462770969,1.603742241819832
2026-03-11 05:00:00,P-01,86.49210177946829,50.732636312895636,452.5489412923794,123.15687242342158,1.5398024201015896
2026-03-11 05:00:00,P-02,87.22532332212589,51.90274641676362,455.12747780639177,123.3308728012452,1.197354647089608
2026-03-11 05:00:00,P-03,83.46334133885566,49.01318084944511,405.6735335327104,120.73858649112822,1.6795239663455686
2026-03-11 05:10:00,P-01,88.88280538275654,50.086225776163886,453.35351760920884,119.91417969420175,1.753334428717379
2026-03-11 05:10:00,P-02,84.95831131019997,49.85331203820979,444.6352436722278,118.33601934643804,1.7910902435697929
2026-03-11 05:10:00,P-03,84.9067825607845,80.18479915750333,394.86992840256306,121.71218674274931,1.1018478005902697
2026-03-11 05:20:00,P-01,83.70424902763881,51.46280220262658,449.41352166677603,123.22742367585386,1.0262345489924587
2026-03-11 05:20:00,P-02,85.93685557253345,49.55034874970056,455.18326092805523,119.93279814508347,1.5650994504044926
2026-03-11 05:20:00,P-03,85.48197123105929,63.285416283983835,339.6039689764485,115.80396316416353,1.300396183227665
2026-03-11 05:30:00,P-01,83.30064064364596,49.62785917948337,454.7144867209074,122.23214239802907,1.274860518101832
2026-03-11 05:30:00,P-02,84.31044459185703,50.585444022905996,453.5440022659791,113.23965387202993,1.5399348761503364
2026-03-11 05:30:00,P-03,87.04773635915284,53.33660177902342,438.33990005151657,123.22605792204945,1.815347212142121
2026-03-11 05:40:00,P-01,84.88784439505838,49.016144859631865,460.70756275441056,117.97025875184548,1.5006033190236407
2026-03-11 05:40:00,P-02,86.39932827131362,50.49559131518705,448.54962907411186,119.91099346780099,1.4618881053536028
2026-03-11 05:40:00,P-03,85.29297128281488,46.25533329818519,370.14453660132784,119.56051467318424,1.113657117140221
2026-03-11 05:50:00,P-01,86.7238399903187,50.645122995635916,450.37482559336985,118.51308321142845,1.4923959673337943
2026-03-11 05:50:00,P-02,85.03744571031503,48.036730214050515,456.22015726330113,120.97448576082509,1.5472598578684562
2026-03-11 05:50:00,P-03,83.23643066474084,53.997527949305066,465.022360114445,119.46764929053288,1.811549362838382
2026-03-11 06:00:00,P-01,81.68568015608696,49.20867873472283,454.4488543620769,117.38703288039541,0.7379391644773579
2026-03-11 06:00:00,P-02,86.390993688015,49.35109925913227,447.2999889370004,115.46907865790578,1.4635243734443533
2026-03-11 06:00:00,P-03,84.36760943000955,40.106174226427356,688.2930370018764,119.25380394412564,1.7603604947367493
2026-03-11 06:10:00,P-01,85.86165515062828,49.51553784661639,452.1572906675318,125.19552397786123,1.4484385248023277
2026-03-11 06:10:00,P-02,85.75931319405635,50.61509851426682,450.4172073504413,122.70360953839577,1.7674614459962623
2026-03-11 06:10:00,P-03,84.03651232856711,57.04675500468077,361.7398838802416,120.19048387175349,1.6479052380223826
2026-03-11 06:20:00,P-01,84.01140148800782,49.43090281890999,448.51768040708936,112.90712769460598,1.7681324502074376
2026-03-11 06:20:00,P-02,84.26696963766081,51.60669289412866,450.28117339248973,119.53359624601596,1.729654045342257
2026-03-11 06:20:00,P-03,83.45179850667259,43.97967039653074,489.04285799402487,122.16263811546722,1.5926286258637916
2026-03-11 06:30:00,P-01,79.69977596397737,51.29133743313582,458.82736548789484,117.99632091360799,1.8099788340761434
2026-03-11 06:30:00,P-02,83.08800231211673,49.48935491161969,449.0130030409462,123.32523311752881,1.6540246753333558
2026-03-11 06:30:00,P-03,83.5227148748683,38.496765667400595,867.8660033247195,123.5875456658259,1.6449977938649325
2026-03-11 06:40:00,P-01,89.96638191464245,49.69895572006103,445.3921497351612,116.66759748095424,1.244694512821785
2026-03-11 06:40:00,P-02,85.51044560887105,48.39829567430361,453.2092824353,120.63370775877854,1.948859070306531
2026-03-11 06:40:00,P-03,84.16432573359872,52.936039302149,345.3645375985228,117.05083851361513,1.540429402202976
2026-03-11 06:50:00,P-01,84.6929831167605,49.80125750467536,454.25036291391166,119.96704171464333,1.5922028795503211
2026-03-11 06:50:00,P-02,87.14801729330543,50.77258821233188,455.4165341631452,118.92562516984599,1.6218335106476174
2026-03-11 06:50:00,P-03,85.82338550765954,39.96117062138222,534.5355902527394,120.88744836862104,1.4124689134616464
2026-03-11 07:00:00,P-01,89.67379671344696,51.33015672654841,452.7850819514585,117.1151439538001,1.4690201575578579
2026-03-11 07:00:00,P-02,88.81623984409092,49.831950574238306,459.7128401362219,117.4424355635904,1.5926005721846659
2026-03-11 07:00:00,P-03,81.87606083741926,52.32781200332339,214.96597170770212,122.76659787263024,1.3045888863252961
2026-03-11 07:10:00,P-01,87.12848573553977,50.14365318124775,442.37069281769783,119.70148190905296,1.4091397066096902
2026-03-11 07:10:00,P-02,84.98993077728484,51.665923456318204,454.21327914818283,120.30935854915866,1.4513693641726593
2026-03-11 07:10:00,P-03,87.38483497062815,46.23359766237593,359.61832976706984,124.64623078547673,1.7261069550140085
2026-03-11 07:20:00,P-01,87.01355861102198,49.854525274243024,458.7791303803074,113.4948941755157,1.4791898962309036
2026-03-11 07:20:00,P-02,82.31213569530438,51.301498735065586,450.0470230371136,122.79410970281009,1.5072489580825292
2026-03-11 07:20:00,P-03,87.33666291718995,37.64197740149907,695.3614935548468,121.52622830324158,1.5139009884961132
2026-03-11 07:30:00,P-01,85.50230970810578,50.0355699962688,452.51067148234466,121.96916215895948,1.6501811902149353
2026-03-11 07:30:00,P-02,86.42962276891207,50.13981387371187,451.3564501961569,120.25899036459961,1.2242926497454159
2026-03-11 07:30:00,P-03,84.04896378936743,47.930541359518976,475.2066572279766,114.3368793384785,1.0702246405502172
2026-03-11 07:40:00,P-01,83.95388531123481,48.90710632885855,461.97510361669197,121.13131231162963,1.3327179718482078
2026-03-11 07:40:00,P-02,83.65480055716488,49.4757995357139,454.524783472138,123.08553506499537,1.324344051489609
2026-03-11 07:40:00,P-03,84.30241723906896,47.39711849627294,391.0022100485228,122.6839508818013,1.7205486782201134
2026-03-11 07:50:00,P-01,86.56268342916361,50.55846826383492,459.9223823815094,119.60001222925773,1.3877381367107071
2026-03-11 07:50:00,P-02,85.56729260716816,50.22791535016768,444.03346228492524,117.37296788622683,1.612752750699856
2026-03-11 07:50:00,P-03,84.6335095954296,49.60103480367961,619.8548396711672,120.8129856295424,1.7472982253554472
2026-03-11 08:00:00,P-01,83.62101027795998,50.947081948830416,442.79715365125986,119.4587791100577,1.3568400861692995
2026-03-11 08:00:00,P-02,85.82239087531697,50.019912683007284,452.30007808688157,120.9428884623804,1.2728566236781529
2026-03-11 08:00:00,P-03,83.87061741704765,33.59520201087575,556.2794988102695,117.93562837910734,1.499760893571008
2026-03-11 08:10:00,P-01,87.59622533934463,50.126186541303525,450.38893357213897,122.27918156149052,1.0364113542636104
2026-03-11 08:10:00,P-02,86.41268701394054,49.920191932133996,453.78700236807794,119.18139166375414,1.6842254286893128
2026-03-11 08:10:00,P-03,80.00800949380704,57.68029643706803,428.0385172350268,122.06692149176891,1.6453675892987427
2026-03-11 08:20:00,P-01,83.56441433217225,51.269604948063645,445.78458936132836,120.60259368965336,1.3842988067952515
2026-03-11 08:20:00,P-02,87.87406872292712,49.90502075037618,447.0608869917638,120.98631951490655,1.5218838060344084
2026-03-11 08:20:00,P-03,82.54466347408636,46.1791763364627,555.6517341255142,122.24774062959273,1.6963105854599014
2026-03-11 08:30:00,P-01,86.1852969123392,49.66465335996761,451.7899033945709,117.69038473518668,1.5350420191367273
2026-03-11 08:30:00,P-02,83.66998439748676,50.09709349303052,456.27171117452036,120.7004389708169,1.5112861539151627
2026-03-11 08:30:00,P-03,90.66282720612068,43.93648723645663,424.78050310512344,123.91029535249334,1.4000043915563878
2026-03-11 08:40:00,P-01,86.98478083831866,48.15939826763281,452.44106468900594,119.33396956127902,1.6191704842721346
2026-03-11 08:40:00,P-02,84.98864687982645,51.96190829869763,451.58145636330926,117.13826250709306,1.5221746192126067
2026-03-11 08:40:00,P-03,85.1363653690677,47.70192427994606,504.8594209596156,117.0969619147997,1.5183900732141355
2026-03-11 08:50:00,P-01,85.23468449856178,48.72159714056165,439.1692295663577,124.16916935964876,1.64172500259398
2026-03-11 08:50:00,P-02,87.85290757526765,48.79522375791032,440.1680562017858,121.38482442515858,1.5465963107646725
2026-03-11 08:50:00,P-03,85.75412623868532,68.63223150969256,318.01045303436143,121.7873811637415,1.6465266721968415
2026-03-11 09:00:00,P-01,83.28811276691209,50.0568201078391,459.2353467529691,120.7261696745143,1.6870197373099534
2026-03-11 09:00:00,P-02,84.75675156326358,52.159276916114536,447.1293165333784,119.88668241177493,1.6228630392729604
2026-03-11 09:00:00,P-03,83.98850513259099,47.41958389359101,389.08973670377145,122.51468466494535,1.7175259312334639
2026-03-11 09:10:00,P-01,86.226153744709,49.19340418944819,450.03556796607927,113.90860346411336,1.6651175360503725
2026-03-11 09:10:00,P-02,89.13183768686162,50.8542902513734,445.1234783983655,116.49966280956284,1.8499162470906774
2026-03-11 09:10:00,P-03,84.1248200903131,44.34678165863749,450.05511482505227,116.61420141807167,1.6787652949538334
2026-03-11 09:20:00,P-01,81.08475362450422,49.62785241406732,451.2087092881568,120.65740675984473,1.4289621604490055
2026-03-11 09:20:00,P-02,88.1578643703974,49.8890452283441,459.93099326342843,123.17042923029284,1.6538318608111426
2026-03-11 09:20:00,P-03,83.36749238508018,56.87275098495859,521.6302119359701,119.75115114253086,1.3390274962217066
2026-03-11 09:30:00,P-01,85.39308502827247,50.37140489127793,455.7649647031235,120.73079000570563,1.2157525773153863
2026-03-11 09:30:00,P-02,86.51641940640215,49.988411031900185,449.1231124713356,126.02443904388193,1.3648936506533331
2026-03-11 09:30:00,P-03,88.6023688130252,42.65389117978121,500.9387546711273,118.99173402038751,1.672582275998988
2026-03-11 09:40:00,P-01,87.79744371602376,49.22031158544412,441.76398735207846,115.20568676141646,1.374251194320575
2026-03-11 09:40:00,P-02,87.50769002992652,51.51307688054945,442.080574674543,121.87221811188634,1.4415532868226693
2026-03-11 09:40:00,P-03,82.46591112757312,51.61209384617456,401.8435862319956,119.69254492047357,1.2073646857232183
2026-03-11 09:50:00,P-01,83.65759236586281,50.11679468221335,448.8955540613443,118.40798237628266,1.6335225758632368
2026-03-11 09:50:00,P-02,87.71406186905875,50.57481226820937,453.7718187118724,120.98021743150271,1.5172634750750857
2026-03-11 09:50:00,P-03,84.30970708250304,34.99583829507904,411.93524097012175,123.6948743915026,1.5206875781265785
2026-03-11 10:00:00,P-01,86.35756277156614,49.6599365189647,441.37470613402843,119.70310978773027,1.463337204304211
2026-03-11 10:00:00,P-02,84.52301589493892,49.374940848001614,453.8234566093735,120.56066679270286,1.225067138766707
2026-03-11 10:00:00,P-03,85.23462482525119,64.98677894363476,474.87328251655316,126.12138024379232,0.992982227797491
2026-03-11 10:10:00,P-01,85.25760943990961,49.16761232683112,438.01400061282595,120.58795677394167,1.3236567843313463
2026-03-11 10:10:00,P-02,85.78272288496711,49.58240417531657,446.76261659066614,120.22712505132009,1.3081999848189556
2026-03-11 10:10:00,P-03,83.95876651774942,35.94987959154198,572.4549281820028,118.2529262578224,1.5187580741688762
2026-03-11 10:20:00,P-01,84.01942435915936,50.32250303949761,445.6713569907922,120.75378704484216,1.3439059010537968
2026-03-11 10:20:00,P-02,88.15632081091343,49.049989230899975,449.8035120954713,120.25689579931881,1.4374126448352307
2026-03-11 10:20:00,P-03,83.37941929508948,41.59084726994291,465.33074068191354,123.14239294527819,1.3912966490527385
2026-03-11 10:30:00,P-01,84.1297530928753,49.974416273447986,446.72004492844593,118.23872829311085,1.3530197344765693
2026-03-11 10:30:00,P-02,87.2759332500127,48.50517188566584,439.37537501364636,122.43430629471034,1.318518671593183
2026-03-11 10:30:00,P-03,80.80538518692818,54.77389219566233,440.8951292062553,116.8037660651551,1.63271656232227
2026-03-11 10:40:00,P-01,89.89334093729721,49.5089554848885,448.00006813205226,120.4029340297412,1.5019968693588406
2026-03-11 10:40:00,P-02,84.17395827853464,50.46382586545095,443.04094464085745,121.71542896913111,1.5971859586435446
2026-03-11 10:40:00,P-03,80.64644921735913,41.21814250588608,524.0264276715577,120.40917570307818,1.6251170660153864
2026-03-11 10:50:00,P-01,85.42530769485633,50.99104648486869,439.00005180494134,119.51729814024121,1.4262738957947025
2026-03-11 10:50:00,P-02,85.97879029418,49.7486687592284,435.5871244399533,122.27648410784172,1.5096174499861101
2026-03-11 10:50:00,P-03,84.89623828813701,48.148553279195696,339.2771912885482,123.69083671376252,1.3903194657333078
2026-03-11 11:00:00,P-01,84.63992827461799,49.73380359909395,458.9136805854549,128.29960942116608,2.0421680508096394
2026-03-11 11:00:00,P-02,82.24898733892378,49.74135430270684,444.9812125224333,117.05836291706993,1.5603764836794103
2026-03-11 11:00:00,P-03,84.71155220486506,48.2089738305857,498.948475241589,116.71820952408218,1.254605114020113
2026-03-11 11:10:00,P-01,85.03967671919861,48.42309308019437,448.9453005054431,115.77923853022271,1.573381849191773
2026-03-11 11:10:00,P-02,83.36173282898524,48.340443081442096,457.97447080268785,118.7838361892023,1.308623317781421
2026-03-11 11:10:00,P-03,84.85050856674465,52.46519190987204,347.70271229744907,122.31863554785471,1.494849539193917
2026-03-11 11:20:00,P-01,84.29792450039751,49.05906260747495,455.2183098002345,116.88370037869421,1.8521646388785886
2026-03-11 11:20:00,P-02,83.83810384707652,48.35169833622959,447.1837891335566,118.63843265931668,1.6826875816122557
2026-03-11 11:20:00,P-03,88.95650459394128,43.5594007779242,454.92245705292936,119.64627205635921,1.4442295534475973
2026-03-11 11:30:00,P-01,89.27365914996398,50.07587166420127,460.51441267660505,117.73279957852537,1.7779168668576122
2026-03-11 11:30:00,P-02,86.24987814489482,50.314608776466144,455.1865945313429,117.05526376035124,1.3708881886771793
2026-03-11 11:30:00,P-03,83.40966148815505,47.40817175564287,344.7994149987173,115.91520045015184,1.7625378028439063
2026-03-11 11:40:00,P-01,86.69817514969068,48.908525189815705,446.85157272798125,117.07204433569484,1.6613431346228322
2026-03-11 11:40:00,P-02,85.6908308353685,48.31271532796098,441.52695323813845,115.98974888268347,1.8993354067603434
2026-03-11 11:40:00,P-03,83.66565393124013,54.382521496909874,415.4211051922591,122.64629339828238,1.7572896411854522
2026-03-11 11:50:00,P-01,84.71636867815917,50.08545248263814,441.88644233838966,117.55680946598038,1.5050438070449084
2026-03-11 11:50:00,P-02,85.36214763056373,49.79742089662231,463.06199670547755,118.81512553684027,1.3386659412258526
2026-03-11 11:50:00,P-03,85.6379419775329,56.01328712505339,353.7771143431496,123.05648111532496,1.470278991572948
2026-03-11 12:00:00,P-01,84.83856559438678,50.38934308526964,448.07611661132194,119.09027546948035,1.4893145424029262
2026-03-11 12:00:00,P-02,85.21121258186139,51.14510530556486,445.78871408137223,120.60007340150064,1.6844632325659394
2026-03-11 12:00:00,P-03,83.85560110741159,66.77348347764358,421.5788688270043,113.01954266518229,1.5091347765133827
2026-03-11 12:10:00,P-01,84.84463269524292,51.294205947618984,452.4415476481763,116.0422347576894,1.6626345606527284
2026-03-11 12:10:00,P-02,85.7273016703367,48.81606171081047,453.04692485905986,120.85697806777706,1.5778920731264712
2026-03-11 12:10:00,P-03,83.9206045648521,48.79286961814525,413.75829261277215,117.95077914822792,1.4387897616988374
2026-03-11 12:20:00,P-01,85.99330290534323,49.63252066296185,444.2265449394306,119.5339961540524,1.3471985736495247
2026-03-11 12:20:00,P-02,86.94115301159377,50.93799960070007,454.7970162332787,119.62756921396334,2.1689827394586745
2026-03-11 12:20:00,P-03,85.66095371441948,56.5655959246208,235.29487717041349,123.086345780849,1.2700385448099887
2026-03-11 12:30:00,P-01,83.37172572064418,51.46658520768154,441.72556447563977,120.37883826357293,2.082982197103637
2026-03-11 12:30:00,P-02,85.83129471824299,50.12461650092065,450.1066101716913,117.0005084433303,1.6200960381490355
2026-03-11 12:30:00,P-03,87.01885960899654,46.31288064672016,445.0029053688292,118.80971725160087,1.6950779648949634
2026-03-11 12:40:00,P-01,83.75312023960286,51.590998450922804,450.50794258539156,118.99963411195776,1.2900709605694087
2026-03-11 12:40:00,P-02,82.9938336443746,48.65232810532748,442.02860788548816,114.08082948673194,1.817747483661997
2026-03-11 12:40:00,P-03,86.44732358193883,42.00173120641781,378.1310266647732,119.78555577576071,1.0596787456961183
2026-03-11 12:50:00,P-01,86.20269434476047,49.35777982623784,458.33718143023634,124.9175199189003,1.8695815546916614
2026-03-11 12:50:00,P-02,86.6807783546654,50.32502795122809,456.0419940303729,122.43688177699495,1.653598779125107
2026-03-11 12:50:00,P-03,84.33530080540214,44.47047042489639,530.2899141451203,122.69354287449843,1.2418541885819088
2026-03-11 13:00:00,P-01,82.89084780134023,48.951148985461124,454.46741617565715,117.80931320004113,0.9330540048228319
2026-03-11 13:00:00,P-02,83.2862128309601,50.45479324440546,453.4999888449346,124.3123084071443,1.5035588641968658
2026-03-11 13:00:00,P-03,82.08943932247081,43.23325282384433,378.38936553738836,120.85888319383747,1.5188195355826355
2026-03-11 13:10:00,P-01,85.37647036920123,48.96880785204235,446.4019152324126,115.82435119816252,1.3559370689859211
2026-03-11 13:10:00,P-02,83.09031997656636,51.03127802691544,450.1312998670406,124.5049763299759,1.382052607759014
2026-03-11 13:10:00,P-03,84.80977979869677,47.56501461277608,473.1381260370319,115.51778513718666,1.280395272285112
2026-03-11 13:20:00,P-01,90.38208885716222,50.322140709547796,444.62671670143897,124.13060613087364,1.2251271272225104
2026-03-11 13:20:00,P-02,84.43848264488854,48.83019781129862,450.55024363313476,122.10699754906383,1.365642197182655
2026-03-11 13:20:00,P-03,85.58124099267545,46.649328781436054,348.61266597301983,117.03204226760671,1.0863280645811901
2026-03-11 13:30:00,P-01,81.89515798288473,50.07693891220604,456.35606291254635,117.57310680999208,1.3735250854173793
2026-03-11 13:30:00,P-02,83.08060829595063,48.95092340977406,463.1115889365259,119.76450884478794,1.3447963405219154
2026-03-11 13:30:00,P-03,86.47683464623564,49.56046382456466,422.7841027840028,119.39443651646617,1.7444218260846511
2026-03-11 13:40:00,P-01,87.96184344229906,50.31962567640301,450.4616166640762,122.11817064477187,1.715663826161206
2026-03-11 13:40:00,P-02,86.37601440563297,50.205930963862414,450.3292516816371,125.49413838425934,1.4834646801967797
2026-03-11 13:40:00,P-03,85.2819600381813,55.33746162068685,358.31962620160635,123.8529836588979,1.6312969796417678
2026-03-11 13:50:00,P-01,83.97057196826107,50.944888852728816,450.33378207355616,118.90681106403282,1.6055337300429828
2026-03-11 13:50:00,P-02,84.38203008201934,48.48402273967552,450.8859012673912,117.92564957125089,1.2116312779597356
2026-03-11 13:50:00,P-03,84.53490761759251,45.323029115993336,750.5257418627097,111.10094871301678,1.6719700103027066
2026-03-11 14:00:00,P-01,83.10652228594454,50.85175799599179,449.0317148080691,122.22114385753845,1.5851354906713406
2026-03-11 14:00:00,P-02,80.7257250795472,51.76152181255249,459.5486670710977,123.8701186401809,1.273880566150373
2026-03-11 14:00:00,P-03,84.40159642043893,52.126485330699495,453.01278435616723,119.75829873747419,1.4910803460691655
2026-03-11 14:10:00,P-01,87.26942068292624,49.82031539333553,447.1772239198983,116.55461144647349,1.3277583079280335
2026-03-11 14:10:00,P-02,82.85368207346627,50.62787697727725,451.9569836106974,117.22129452565268,1.3241265564877054
2026-03-11 14:10:00,P-03,84.65847456292053,38.71178064277507,488.2236504816696,120.59540102885337,1.3628956976398636
2026-03-11 14:20:00,P-01,87.2881441434208,51.04963736798361,450.3309778734517,118.68355960500791,1.3064528913653968
2026-03-11 14:20:00,P-02,89.28676857389215,51.12663492533366,448.33004495796683,118.27758315912261,1.3807837968211003
2026-03-11 14:20:00,P-03,87.77801191272412,61.56427816379992,449.0799547981954,122.12794493785236,0.9504711110813713
2026-03-11 14:30:00,P-01,86.15244948868063,49.076600475192045,450.47547562008026,121.54004003088129,1.3257490766896458
2026-03-11 14:30:00,P-02,82.74125386217803,50.89515483379466,445.7012891691483,118.45614405298299,1.875264526678884
2026-03-11 14:30:00,P-03,88.09014801619988,44.42783960693689,571.7746208967067,123.76648785741413,1.419478442067674
2026-03-11 14:40:00,P-01,82.79798590595084,49.75605340681311,455.2701554270331,117.5154124735484,0.8976514683087898
2026-03-11 14:40:00,P-02,84.40939330291522,48.15688136680297,443.72447607336426,121.81076659293677,1.4029854355249929
2026-03-11 14:40:00,P-03,81.96814989207348,40.34804285475628,361.20112500066676,118.20518340814252,1.4505389806884863
2026-03-11 14:50:00,P-01,83.2218347853854,48.85153807907807,449.83454994535396,116.09350166628087,1.3740119178267212
2026-03-11 14:50:00,P-02,86.69828595261096,50.16960059801061,454.11250594091155,119.42597413526263,1.5347251214621649
2026-03-11 14:50:00,P-03,85.83985675051045,46.05350394035536,475.5498929460056,122.28941134439174,1.6898365353262155
2026-03-11 15:00:00,P-01,81.19038585583685,50.46362723226276,449.4559596530057,127.91089008722665,1.7421917481682794
2026-03-11 15:00:00,P-02,84.07865637023302,50.128539122622136,451.83091400077757,121.00243149887125,1.2201745989399422
2026-03-11 15:00:00,P-03,86.30228415529614,58.1391513573408,445.03639446558134,118.4759859572534,1.3877806023644499
2026-03-11 15:10:00,P-01,85.50152367809316,50.16909065734071,451.00061248114577,122.92009808039137,1.5040966253057069
2026-03-11 15:10:00,P-02,83.52164046726487,49.760475522531635,445.5496892482078,119.33732019455172,1.8549520053715531
2026-03-11 15:10:00,P-03,86.57765296718293,48.363142330904154,401.56963690424277,121.28164202518273,1.5692735188287803
2026-03-11 15:20:00,P-01,85.67718044693115,48.663371864531065,455.26093398831694,120.28281283109047,1.5230481674911105
2026-03-11 15:20:00,P-02,88.08853306766545,49.53373630646062,452.2452166429078,124.74464841255337,1.3634570187756758
2026-03-11 15:20:00,P-03,86.62252582395537,43.244761645281656,332.80406227257123,120.69347925483196,1.3610980378868036
2026-03-11 15:30:00,P-01,84.46054368227104,49.32360106664724,462.89641549277195,124.77005463751622,1.5872708061736827
2026-03-11 15:30:00,P-02,86.71999747312428,48.954064713667805,443.2035119576153,115.00298903996388,1.489694936751657
2026-03-11 15:30:00,P-03,89.04914428244165,59.0514842140217,450.04934460838575,122.1785101564454,1.5542578073911537
2026-03-11 15:40:00,P-01,84.30707058680171,49.17825738574634,451.7062845867391,121.36735275449989,1.4735646242839768
2026-03-11 15:40:00,P-02,85.1290532484728,50.26139726699134,449.03068795124886,118.83315256911564,1.4556759204603318
2026-03-11 15:40:00,P-03,86.45825457320079,61.18531986863321,435.06311645975427,118.7540249470724,1.2669084190676059
2026-03-11 15:50:00,P-01,83.50971586299804,50.185600696375715,448.8605496564668,121.62810318521863,1.6502648367980777
2026-03-11 15:50:00,P-02,84.91893531794966,50.533477509998725,458.62240301188046,120.27135874625887,1.3775321760436425
2026-03-11 15:50:00,P-03,83.36645545822697,50.49620763768029,379.19197529108436,120.03191816837611,1.6069967875473408
2026-03-11 16:00:00,P-01,84.61448246838404,50.93951518127808,447.00452780309314,119.52971976678188,1.3049499338086585
2026-03-11 16:00:00,P-02,87.1875728526778,49.24090638241832,444.77544590192656,122.70235728582274,1.5956075133394152
2026-03-11 16:00:00,P-03,85.36085188376966,49.233424298397836,252.26514081680426,118.68257242874435,1.467955129667701
2026-03-11 16:10:00,P-01,80.00640051858818,48.415572964951956,454.84398498634954,114.50049369576863,1.340009915888924
2026-03-11 16:10:00,P-02,83.82792922934978,50.80294464668317,446.95981882530293,115.16488041165086,1.637651949605346
2026-03-11 16:10:00,P-03,84.52628882076685,33.19716173072388,492.9379067706405,120.90063052903405,1.4920958826432338
2026-03-11 16:20:00,P-01,84.3130423583295,51.351604521133645,456.7665212982933,125.54122638047102,1.343204298706892
2026-03-11 16:20:00,P-02,84.06032593297947,49.739269855278046,444.7241110004147,115.9058522754966,1.647609143900706
2026-03-11 16:20:00,P-03,83.85035881117714,45.84355991691109,450.591753726699,123.39143266877997,1.4274614881901508
2026-03-11 16:30:00,P-01,83.39080368704872,48.275042470591,452.7143916193982,118.53255586858978,1.4705653127988345
2026-03-11 16:30:00,P-02,88.67146911351844,49.74946132212937,446.1031507304878,119.81487198666751,1.398050186569077
2026-03-11 16:30:00,P-03,87.22498505851719,47.35256133884192,462.7190892313387,120.28020005388211,1.6516292874419358
2026-03-11 16:40:00,P-01,85.04792119452696,52.194710966627326,449.98365557342913,127.07913652312787,1.301898431071456
2026-03-11 16:40:00,P-02,83.40004972123513,49.54671201508213,444.530996514842,123.70268237007924,1.698646044447592
2026-03-11 16:40:00,P-03,86.29443133549897,52.440375567931945,487.58092672774444,115.85661676913135,1.2783606414638142
2026-03-11 16:50:00,P-01,85.85433936415164,49.274951516802666,443.5394019012749,121.82181986477873,1.4253652267458552
2026-03-11 16:50:00,P-02,82.65316550537648,48.24734062046885,449.1389846133908,123.62147627301827,1.7399319213940552
2026-03-11 16:50:00,P-03,83.60632233537507,56.014177605770705,460.3928311548348,114.85649983583185,1.4492037400828082
2026-03-11 17:00:00,P-01,87.27582243538558,49.29538429196156,439.9448916971895,121.70870135566393,1.5094255883248167
2026-03-11 17:00:00,P-02,87.41619569650446,50.15266800075063,448.38856052004303,124.13489627308307,1.3424978803951104
2026-03-11 17:00:00,P-03,86.89959248336933,61.3336313617797,374.34685567847936,120.48060546076726,1.2765166897540694
2026-03-11 17:10:00,P-01,82.22319029728263,50.80245024909881,441.0735471669679,120.2961061834299,1.2753037379472507
2026-03-11 17:10:00,P-02,89.46505594178554,49.763963749484105,441.5254058878616,122.20742698858284,1.4371154969194262
2026-03-11 17:10:00,P-03,86.45452398182181,47.523897760321056,420.20463326545706,124.73285730728891,1.5520308878690992
2026-03-11 17:20:00,P-01,85.20605738926099,49.053333066556796,455.5503330495016,115.77971468128263,1.628594266005093
2026-03-11 17:20:00,P-02,83.39055021099257,48.984219032978594,436.5403515994093,120.9703311916062,1.2111671830088344
2026-03-11 17:20:00,P-03,87.2656186448075,41.114091097099006,471.9288570601238,119.29232645191523,1.3076510648955162
2026-03-11 17:30:00,P-01,87.68403571888254,50.82616656164961,449.44307725782585,119.1450603164141,1.6629208943501808
2026-03-11 17:30:00,P-02,83.2675695511358,50.23492546356196,449.00823180749086,115.7193273294078,1.2349667221276206
2026-03-11 17:30:00,P-03,84.21096946522066,56.83149944120745,500.4154667681362,124.36146343361266,1.2705929519313077
2026-03-11 17:40:00,P-01,83.59081717533168,47.62887762834747,463.457726864131,116.46180216071286,1.4382359637260227
2026-03-11 17:40:00,P-02,84.92276043019766,48.80679513767839,441.0385686797478,121.71683524907729,1.177410349239775
2026-03-11 17:40:00,P-03,85.04834170095275,32.14512720537056,535.559986595254,117.94711660630254,1.733885074881351
2026-03-11 17:50:00,P-01,85.04016342437636,49.933473399224496,457.65884289752665,118.99456532575667,1.3573874252310192
2026-03-11 17:50:00,P-02,84.92292074226293,49.543240822342575,452.9405513478836,118.57340723029897,1.3958043596485945
2026-03-11 17:50:00,P-03,87.13345276115494,50.876743487938775,401.3966079165717,123.0570377361934,1.8444387731557421
2026-03-11 18:00:00,P-01,82.948193085596,49.83425592305505,448.2679838124228,120.96131017914367,1.9008471577490007
2026-03-11 18:00:00,P-02,85.18335975768616,50.85326848805185,444.7165785516153,124.9426610006292,1.2343342983109507
2026-03-11 18:00:00,P-03,84.6940373048848,41.71497039235758,540.8907631161037,115.83499246102919,1.3900520226445352
2026-03-11 18:10:00,P-01,84.07699667646392,49.51332685013834,451.7282518352054,118.73387269714979,1.7102564543645764
2026-03-11 18:10:00,P-02,85.20965851719056,48.779738328666916,446.0240327347681,119.12855740512585,1.7052037971916258
2026-03-11 18:10:00,P-03,84.31522979227327,37.64705977701521,420.38897978780614,126.93656268081209,1.8799757247609745
2026-03-11 18:20:00,P-01,84.75725315469396,49.51076716538311,448.47849643173043,120.796980004257,1.5992509065229268
2026-03-11 18:20:00,P-02,83.35272989494767,50.606794645017686,445.3018051619366,121.00373796783367,1.653374790749801
2026-03-11 18:20:00,P-03,84.88623559734623,35.59154434306767,462.39664612374514,121.71526966942385,1.7751764416477087
2026-03-11 18:30:00,P-01,91.01227434984254,48.3979935476853,435.0025822787122,124.78233887585749,1.6177637357718506
2026-03-11 18:30:00,P-02,88.89787754114988,49.99558997107272,456.26901030948045,121.75227217016992,1.2862864257735145
2026-03-11 18:30:00,P-03,83.09416465849954,46.060491176016974,594.9129222050304,124.58690415812266,1.538848552626557
2026-03-11 18:40:00,P-01,81.54380752747375,49.248888483578185,447.25240778734457,117.60317955582359,1.1742941437962922
2026-03-11 18:40:00,P-02,84.69411627366455,49.63496194619183,450.45771142123937,125.36663367641975,1.0550678075835145
2026-03-11 18:40:00,P-03,82.3535374801553,62.162714950854316,527.1251201052569,116.16539788787644,1.1601574826437453
2026-03-11 18:50:00,P-01,83.87754443191297,47.928534620949506,308.4438789353766,83.81881716149601,3.6557507829201086
2026-03-11 18:50:00,P-02,84.9718136194384,49.824587146907334,452.57354957520243,123.54286781686804,1.683401417037995
2026-03-11 18:50:00,P-03,83.31757259383527,73.7607992628463,512.2177068347207,121.18117891596438,1.8511169970785841
2026-03-11 19:00:00,P-01,83.94797365292841,50.122419530984516,314.88220964536544,86.01210259351427,3.550703765632625
2026-03-11 19:00:00,P-02,80.5432109083957,49.280250330017445,445.31492895255116,118.15015391169297,1.443065002038436
2026-03-11 19:00:00,P-03,80.64308572830728,38.59243238081591,410.07298910247135,118.99584323281387,1.530391301437068
2026-03-11 19:10:00,P-01,88.42869432023141,49.96083212879656,310.2105146532051,82.55897781858152,3.5154380284044597
2026-03-11 19:10:00,P-02,90.14229591778943,50.27399757896865,454.00937823159296,119.56777386092212,1.540318569226559
2026-03-11 19:10:00,P-03,78.93404456976187,41.63665847041046,444.42541243402997,123.7390006026857,1.8509460909644144
2026-03-11 19:20:00,P-01,86.73693464291502,47.970695608959566,314.6283658054891,82.3405792608821,3.318740028591544
2026-03-11 19:20:00,P-02,88.2229776891232,49.645962886734615,461.3299160716537,122.3646460710238,1.376262203267618
2026-03-11 19:20:00,P-03,88.05313453797619,40.42577029913715,336.2123943608001,120.05707367378707,1.5033932872625857
2026-03-11 19:30:00,P-01,86.43623783658262,50.47357639040413,302.57354172732033,85.79302673582711,3.632293988361478
2026-03-11 19:30:00,P-02,85.54744789049877,50.450467423675995,448.40745296069383,119.08081835198439,1.4414548285345619
2026-03-11 19:30:00,P-03,85.59417454070106,82.93093734104514,393.75463744896535,123.84851982013267,1.2715101898053232
2026-03-11 19:40:00,P-01,84.67467859389069,49.62581013133805,318.2905227394631,83.39851406455875,3.049961765432462
2026-03-11 19:40:00,P-02,88.94741107444312,51.07005080424169,443.1311916958102,119.22478996555292,1.311518993136004
2026-03-11 19:40:00,P-03,85.21882045192513,51.60576224980411,321.9753674608042,122.34787938130533,1.5763167362733952
2026-03-11 19:50:00,P-01,84.0361788030096,50.13767714985126,310.4755662780335,80.61814405914362,3.2791014384466135
2026-03-11 19:50:00,P-02,82.57041051396318,48.20885488145938,454.8975731694226,118.58259503548003,1.5692425250932158
2026-03-11 19:50:00,P-03,84.91215099156996,55.410394356637596,503.75650578988285,119.78394520798662,1.1876790858121473
2026-03-11 20:00:00,P-01,83.41334735695554,50.343044017012645,305.08999538121,82.75331309079479,3.3936483384195375
2026-03-11 20:00:00,P-02,84.7712285448189,50.41351095045305,455.42099754680913,116.06251435688372,1.307046936505544
2026-03-11 20:00:00,P-03,86.35065684027953,53.280446960825046,366.3666412257489,122.3210403965441,1.3122257811819176
2026-03-11 20:10:00,P-01,86.13451105611854,52.023455788065384,313.8308403094835,81.73458243449556,3.3479529988670613
2026-03-11 20:10:00,P-02,86.23751682230115,51.57473125712919,453.3336528831146,118.40553704789335,1.5176189700150293
2026-03-11 20:10:00,P-03,84.62298624093799,46.908141549893124,306.9655794972786,120.05174724494826,1.4718640923401056
2026-03-11 20:20:00,P-01,86.14046682728392,51.308850528400086,317.5423231592052,79.22950813155762,3.2675493131061017
2026-03-11 20:20:00,P-02,84.54267848175974,48.186646915390256,450.83022970755445,116.39813772310913,1.362605573610207
2026-03-11 20:20:00,P-03,84.19144109347552,38.20430256319929,454.29061076876525,120.44236526313556,1.5205547576059963
2026-03-11 20:30:00,P-01,87.20681489668353,51.106441244745646,310.96930257599075,87.03530689714151,3.056364082188107
2026-03-11 20:30:00,P-02,84.47160249623937,48.89818771552143,442.8855977727605,119.64391235505444,1.9407333514581067
2026-03-11 20:30:00,P-03,82.5860384843975,54.15817002945966,524.2116825869682,117.81089828209048,1.4870123992165043
2026-03-11 20:40:00,P-01,80.37709578345006,49.620979611373684,312.35746465437495,85.32423589025404,3.105248454413779
2026-03-11 20:40:00,P-02,83.07359405213951,49.56501320678899,453.21733519817326,122.79969243017412,1.7991316510330784
2026-03-11 20:40:00,P-03,82.88925480932359,57.777937038741406,667.3839966982046,116.87250185581112,1.6100620605107892
2026-03-11 20:50:00,P-01,85.85533973726396,49.408982507237305,309.43298984841516,85.30910496992973,3.557857333059522
2026-03-11 20:50:00,P-02,84.26837878416593,49.22030016135696,449.6190190511215,120.82616660346552,1.3576569903247102
2026-03-11 20:50:00,P-03,84.90008203409172,45.31198638230965,535.3646704482153,120.4814792396128,1.347080841620579
2026-03-11 21:00:00,P-01,84.40842623566027,50.7587222169835,313.06990205169086,84.06574722748226,3.2659017594304647
2026-03-11 21:00:00,P-02,83.98912376607656,50.59913558987931,451.5224768009061,120.64966356855112,1.6244965520782073
2026-03-11 21:00:00,P-03,87.79603728776159,68.77799085091141,497.6744181594616,120.95438510494877,1.3126972140922177
2026-03-11 21:10:00,P-01,86.38158343212766,51.3662199470511,306.6054883619293,84.19447736042935,3.359432679510646
2026-03-11 21:10:00,P-02,86.60119154924222,49.857878028786324,450.9245799610538,118.80658250262842,1.4059176626956689
2026-03-11 21:10:00,P-03,82.82517125048567,57.10343021644933,458.03064964053095,120.94345108393722,1.4707566200834368
2026-03-11 21:20:00,P-01,89.97276594381017,50.728526119870736,311.23057150164186,82.09458947412733,3.6178336751548947
2026-03-11 21:20:00,P-02,84.85495661696966,47.87050458005952,449.6012306669565,122.81169251170913,1.425893610705367
2026-03-11 21:20:00,P-03,81.7029125856954,46.65411320024231,406.0772036826826,121.07893702408026,1.552444882913441
2026-03-11 21:30:00,P-01,87.62717209288923,49.700340903925174,316.51840234932934,81.79649227570081,3.5883168987208176
2026-03-11 21:30:00,P-02,85.50136691426658,50.71049179044578,454.60052830306773,119.56047467956196,1.2727593088961275
2026-03-11 21:30:00,P-03,84.71716408989215,64.95354209712899,469.50017945924753,113.40164642376729,1.6668006858788214
2026-03-11 21:40:00,P-01,83.92716510113777,50.37402857898176,312.8950460917666,80.05998207720071,3.735685186822373
2026-03-11 21:40:00,P-02,85.85802287745042,50.87806555381678,445.9592978403552,120.57468980717887,1.5753407283380552
2026-03-11 21:40:00,P-03,84.84904513808691,41.130175184022384,490.079472990672,127.265434311145,1.3132025204297426
2026-03-11 21:50:00,P-01,84.08012874596125,50.18732562568517,315.0403658340649,76.81260614341875,3.20046577957455
2026-03-11 21:50:00,P-02,85.92705987606953,50.659338186339376,446.23900526561636,117.82081031784094,1.673680764533328
2026-03-11 21:50:00,P-03,86.01640115691328,52.387965914019205,318.1800046468231,118.45713490776276,1.6306542679252838
2026-03-11 22:00:00,P-01,84.61828267979169,50.722168435793044,303.8559662416124,82.08483490747457,3.4197189955103107
2026-03-11 22:00:00,P-02,88.27678539619123,50.30014082461217,449.59072378055487,115.6403064814246,1.4479277732296083
2026-03-11 22:00:00,P-03,83.0987763988995,40.24258015999541,429.33248874362823,118.3517256385109,1.3928894376773542
2026-03-11 22:10:00,P-01,84.7906367116642,50.60288153186034,312.18774097769375,85.47471285070228,3.477014884869517
2026-03-11 22:10:00,P-02,83.5936349756749,50.355573257614445,455.2421959393101,115.882632675805,1.6850266063812618
2026-03-11 22:10:00,P-03,83.11615683387832,41.4712526865892,494.9540827860108,125.49065589540096,1.535904784484829
2026-03-11 22:20:00,P-01,82.11490084266522,49.4478280001043,307.7531275073615,89.06427589357682,3.4024581716357414
2026-03-11 22:20:00,P-02,84.90206514627066,50.0381215109462,453.4625743301984,119.08554978477135,1.9244561365152837
2026-03-11 22:20:00,P-03,86.46918944356291,35.16100606260331,392.07899331085,119.72927714377451,1.7132419194795498
2026-03-11 22:30:00,P-01,85.49511872808051,49.93362269240046,308.4102220601945,81.40691231792951,3.11747490966485
2026-03-11 22:30:00,P-02,83.8318699165755,50.54203941173043,447.8656330688962,122.85907807759027,1.3188143600710491
2026-03-11 22:30:00,P-03,85.37815355683149,51.849740787741396,559.0023518160937,119.00010483139603,1.28351052412176
2026-03-11 22:40:00,P-01,84.1836661882404,49.90649698417748,308.6522876960905,87.41890529018406,3.430771631183286
2026-03-11 22:40:00,P-02,83.04049159518954,50.26111447829111,450.4821483146887,118.96493297794002,1.5643078752642332
2026-03-11 22:40:00,P-03,83.95351879911549,49.3840683925095,565.1832429422706,124.41409501365833,1.7210785696078028
2026-03-11 22:50:00,P-01,85.84282195373437,49.10573398967105,313.0078892586404,80.77436484916035,3.460594832166277
2026-03-11 22:50:00,P-02,85.5078894206042,50.309877205863444,449.59175331409205,119.85617194263357,1.275052173833896
2026-03-11 22:50:00,P-03,88.78380805893563,50.183676249965885,497.72629319628584,124.29398484423157,1.7107532440070259
2026-03-11 23:00:00,P-01,88.78686050082726,48.05027412342959,305.35024554172844,83.58603367027655,3.5565768281972536
2026-03-11 23:00:00,P-02,83.44372524204246,48.176611802746756,459.28274515588095,112.33797529552369,1.416227709999156
2026-03-11 23:00:00,P-03,89.362629697892,43.5664358786472,526.1000289096513,123.30966280272723,1.2445960568415124
2026-03-11 23:10:00,P-01,84.15360280688745,50.75147618323748,307.49261979332795,79.1248241163454,3.4384943665381558
2026-03-11 23:10:00,P-02,86.32734759272219,50.51145804321421,452.7011406221017,127.21940354852688,1.320684011396599
2026-03-11 23:10:00,P-03,84.712227278797,41.980391406393736,583.4301601436961,122.4213350609275,1.466425744740716
2026-03-11 23:20:00,P-01,85.34636272533581,49.994201276168766,315.9975538086792,80.07408172652018,3.8997340150570547
2026-03-11 23:20:00,P-02,85.89895241543043,52.074227684730616,450.43169330993277,115.33030933454607,1.2476172934770384
2026-03-11 23:20:00,P-03,86.85284168698495,48.98923594074115,472.88318667918907,116.07787519267049,1.2320290861207903
2026-03-11 23:30:00,P-01,84.05658637270078,49.40876050734678,307.8613256543928,83.37018161522008,3.8104757345034788
2026-03-11 23:30:00,P-02,83.21276858923119,48.275651249046824,451.13992009947367,118.73964312303414,1.451758678508491
2026-03-11 23:30:00,P-03,81.38985294576557,55.78196543738203,456.65031206750047,120.73778538929406,1.307556259395667
2026-03-11 23:40:00,P-01,85.87597799671164,50.454859190183335,312.6836994538622,83.40784109826228,3.0570524738465874
2026-03-11 23:40:00,P-02,88.61076895559896,50.09547319000385,445.9916322122632,119.52200857969453,1.5432087306113038
2026-03-11 23:40:00,P-03,86.56371318808132,65.52074383505892,434.30382330264615,115.94293679592714,1.6369601579692292
2026-03-11 23:50:00,P-01,81.89752634258545,49.77394809910228,305.2880573196339,83.00420279809214,3.6888968710857184
2026-03-11 23:50:00,P-02,86.2241834529954,51.09643854706542,458.053562063914,120.39286317623136,1.561757385122063
2026-03-11 23:50:00,P-03,88.31391617778331,44.76099379125368,424.7805720173972,118.81920614500787,1.3538570220167372
2026-03-12 00:00:00,P-01,83.59477644831752,48.67284770675388,312.57432099474835,86.87437536605805,3.4675880782824677
2026-03-12 00:00:00,P-02,85.42450460133426,49.88158258510823,453.1905900453754,120.59903982363517,1.6417971397236883
2026-03-12 00:00:00,P-03,84.65974240899682,46.48977993296309,421.57994409327074,121.67766434386873,1.271201198083792
2026-03-12 00:10:00,P-01,85.27740849665304,49.958275303880896,313.10659209626544,80.38019742432871,3.4915088404303116
2026-03-12 00:10:00,P-02,83.672376956548,50.33846459300305,453.74730320976295,117.99382362595372,1.3324746784190677
2026-03-12 00:10:00,P-03,80.9949595823651,79.99637684607471,413.40623535556216,116.58577803692948,1.2067761910020398
2026-03-12 00:20:00,P-01,85.51041657168783,50.320217162410316,317.94454986295386,83.08304218935925,3.578820731905294
2026-03-12 00:20:00,P-02,87.1005706136026,49.244473142623306,444.9628581696411,118.10646981969481,1.8165353077972253
2026-03-12 00:20:00,P-03,87.29191531382126,60.41813822404082,456.91885069979486,112.0988796059815,1.5013152452941647
2026-03-12 00:30:00,P-01,82.63399901438788,50.61593392351111,304.9243695129692,79.62298213914141,3.2603165963552767
2026-03-12 00:30:00,P-02,83.32093630365186,48.83809512397052,447.6805622768017,117.80237516507782,1.6125851185960485
2026-03-12 00:30:00,P-03,80.60001839261943,46.1615865043783,342.69183498953834,116.77586607796779,1.455887283499291
2026-03-12 00:40:00,P-01,85.95623097316887,51.38212998315611,308.4691655435141,82.59653885092007,3.41068904757625
2026-03-12 00:40:00,P-02,84.07405599909927,49.495313773644085,454.7224630071856,122.37587945892882,0.9862701144815543
2026-03-12 00:40:00,P-03,85.10505333290571,40.79925249945287,569.764330619428,123.66881497515902,1.4888051017082373
2026-03-12 00:50:00,P-01,85.91394428640058,49.85269918119417,307.46724248909715,84.10546689891808,3.8900327116679003
2026-03-12 00:50:00,P-02,82.59981260305254,50.52633033386333,446.8643754436884,124.27960092292746,1.8386616458146272
2026-03-12 00:50:00,P-03,83.4436696668866,54.95378264463887,417.56346835209746,117.81629914274966,1.5277903994570654
2026-03-12 01:00:00,P-01,87.229296732513,50.51814044129353,313.3690624826454,80.22943156938359,3.222669145246175
2026-03-12 01:00:00,P-02,90.7647655960989,50.252388374107866,449.0895887176477,119.45896113640579,1.5264717242925236
2026-03-12 01:00:00,P-03,85.64430979582171,63.71736704156198,512.0640934662043,116.5431282773281,1.2420344320782266
2026-03-12 01:10:00,P-01,87.28241778897701,49.26981690904926,311.66483529108046,78.22939691555254,3.387547174133151
2026-03-12 01:10:00,P-02,87.02514093347318,48.85371396032884,457.33671106865523,116.02244925610216,1.2338036221016688
2026-03-12 01:10:00,P-03,84.6369269799644,36.57093989114024,373.3703137928028,125.43864617560119,1.6844326067108
2026-03-12 01:20:00,P-01,90.20803865882846,50.040373587652496,308.6287317369606,82.83096346519446,3.38933372111312
2026-03-12 01:20:00,P-02,82.65499563189772,50.3480865680175,452.4069158465326,118.54238767838028,1.430893881522073
2026-03-12 01:20:00,P-03,87.17872953219381,50.51644457517607,260.32455874019456,122.35082271596247,1.61177803978347
2026-03-12 01:30:00,P-01,85.64983832448004,49.3452705971563,310.6151998218085,80.44602312426599,3.1076476684242786
2026-03-12 01:30:00,P-02,87.13450058840341,50.39199429499626,452.21825565445835,116.54008718237291,1.2356805463418112
2026-03-12 01:30:00,P-03,83.90760333846237,54.617735752025816,447.9662282081843,122.10802498608255,1.4087148751588245
2026-03-12 01:40:00,P-01,84.06793220745067,49.993795943295794,302.60320494314766,82.73585521518473,3.6597995589626677
2026-03-12 01:40:00,P-02,81.45760381558692,50.01817044211537,451.33371557250547,115.20540973988744,1.6262195764272211
2026-03-12 01:40:00,P-03,83.27812132078884,53.381201814389634,444.37745545230865,117.2711390332698,1.6453462991411034
2026-03-12 01:50:00,P-01,86.20343668031745,49.59835868130451,314.0050154413717,81.90172127689507,3.1518580889349375
2026-03-12 01:50:00,P-02,86.16334194497215,52.33757231599823,447.9166967300008,122.98594933231279,1.3160456679652686
2026-03-12 01:50:00,P-03,84.57115725822332,40.33692993514392,446.06759158753164,119.12670549280291,1.5239095975897585
2026-03-12 02:00:00,P-01,85.20096869280765,48.89523417508736,305.03401167146933,82.2041656093889,3.5590654788336913
2026-03-12 02:00:00,P-02,82.52016313743752,48.947771539124204,447.7652810792492,118.93878555964976,1.4072190529429476
2026-03-12 02:00:00,P-03,86.91189509759715,58.88765313698104,341.8027942293343,118.03864399224263,1.4230871838225587
2026-03-12 02:10:00,P-01,86.47109260611218,51.13839807018762,313.1519100272581,81.88329645477538,3.316443870665193
2026-03-12 02:10:00,P-02,85.82075293892446,49.52693559465638,450.83937713849525,121.16494721895137,1.4823781591804819
2026-03-12 02:10:00,P-03,84.16302968281762,58.74037465564599,493.1653059069712,121.39013818619618,1.6773608096256476
2026-03-12 02:20:00,P-01,85.56259405626291,50.47451717677342,307.4588833530516,76.53461798113526,3.456898571706149
2026-03-12 02:20:00,P-02,85.35277556779585,49.84391829096468,454.52099209950035,122.23375133965573,1.053891993816677
2026-03-12 02:20:00,P-03,80.68350216949331,54.59098532263499,349.41827068557996,115.33843866816895,1.3199719665176357
2026-03-12 02:30:00,P-01,85.83302407609729,50.31311031034884,305.1072230095412,84.32511236862268,3.392490363447326
2026-03-12 02:30:00,P-02,86.30712584392072,49.53426924783976,441.49395442542567,119.92166416651254,1.520363765343898
2026-03-12 02:30:00,P-03,83.28788873649133,45.08602003413418,648.8149856885743,117.63388305410616,1.2803708230724327
2026-03-12 02:40:00,P-01,88.3398224594063,50.232729545711884,306.3933694014195,77.44972601388429,3.4758263154606435
2026-03-12 02:40:00,P-02,83.2494694429171,50.84102852862065,450.15669896030084,118.6062619684535,1.4920780621412686
2026-03-12 02:40:00,P-03,85.89420908960541,57.56948747686426,395.7355167900048,122.09939272225421,1.5745051080453638
2026-03-12 02:50:00,P-01,89.2781386451727,50.07866909065261,314.9309054476267,81.51655519156114,3.4803715160375566
2026-03-12 02:50:00,P-02,84.28297141425928,49.91683865823556,444.2805313058621,119.73218416916843,1.679590979509962
2026-03-12 02:50:00,P-03,79.77117269367189,50.16239762593561,558.7712638851342,115.67466979626535,1.3105186848797372
2026-03-12 03:00:00,P-01,82.97144792300352,50.582442896270564,313.14779758630436,81.30018939179152,3.2206504285990074
2026-03-12 03:00:00,P-02,81.61666169901498,50.58002044041464,448.4297948659242,114.79653984228348,1.8059988811806185
2026-03-12 03:00:00,P-03,85.46775976087459,40.841979556838275,647.1770282385039,121.02259308011799,1.4548146102067634
2026-03-12 03:10:00,P-01,84.68839319897697,48.84970298511489,308.24280499070636,85.2575240080424,3.379583958680567
2026-03-12 03:10:00,P-02,87.06562473446117,50.46654703984174,459.5791096976222,120.01818775732085,1.658336602688479
2026-03-12 03:10:00,P-03,83.66900760646506,53.02879525495301,324.0263738049937,117.95342039635024,1.5856256406211673
2026-03-12 03:20:00,P-01,86.31352356720232,50.32427216329804,306.7390721193741,83.86144889481565,3.44219849268813
2026-03-12 03:20:00,P-02,82.19328680884574,50.55902550915546,446.46969773000075,117.74114629995084,1.607491280526096
2026-03-12 03:20:00,P-03,84.37008010259227,55.619849345153845,426.2210036350674,123.91499616503101,1.3557342806958395
2026-03-12 03:30:00,P-01,86.85161068418414,50.21010625150881,313.00377895235397,78.66359624111317,3.279463047502353
2026-03-12 03:30:00,P-02,87.55653213621933,51.46127713541188,443.8838690789549,116.7760490612426,1.2926184284733957
2026-03-12 03:30:00,P-03,86.01639587738953,52.116582199121744,438.7425897873128,121.22495133530461,1.1671530554642335
2026-03-12 03:40:00,P-01,87.6001456712032,51.04021458202391,310.3098250886526,83.68771065060818,3.5937620415518623
2026-03-12 03:40:00,P-02,86.08475166732065,50.05744404884344,449.00071648133166,122.33747772596969,1.3109708964772604
2026-03-12 03:40:00,P-03,82.50943858124938,40.51382355144825,413.5329620806794,124.03771304010718,0.907683017150892
2026-03-12 03:50:00,P-01,85.56128698250161,52.21279765199245,308.73639344109864,83.6685002255823,3.6270985113346716
2026-03-12 03:50:00,P-02,83.71309219721003,49.712798623733335,448.7871622444221,116.80797274415474,1.3848116491722553
2026-03-12 03:50:00,P-03,85.09407739808078,40.51589924227389,599.9680309662773,121.31485792147666,1.6268511360341347
2026-03-12 04:00:00,P-01,83.32926496363125,48.85385348839077,310.7888881810403,80.08197477829387,3.7344057197739176
2026-03-12 04:00:00,P-02,89.43501480115387,50.61014890418554,448.3901313556013,124.15638023447698,1.4963053045834767
2026-03-12 04:00:00,P-03,83.9598033616244,48.195335629409556,439.79673593824543,121.10547154922737,1.5484379740765155
2026-03-12 04:10:00,P-01,85.95105946385739,50.03573695460437,312.23921565877356,79.08966090171435,3.30034138488418
2026-03-12 04:10:00,P-02,86.23429615225119,49.681133952255514,458.7868992451493,126.2514197053582,1.5060265981743468
2026-03-12 04:10:00,P-03,85.64329698255314,58.26300056024036,423.5667948019418,116.73531654241808,1.3482120262860686
2026-03-12 04:20:00,P-01,83.07986605766871,49.763350947069206,303.0895083348198,81.13650969123492,3.068531565244575
2026-03-12 04:20:00,P-02,85.7438366464422,48.25898217594359,454.2488121615274,121.38402628468265,1.8223116167744724
2026-03-12 04:20:00,P-03,85.73969292624196,50.2438155036303,542.7262253011044,122.34753768726773,1.587414925282972
2026-03-12 04:30:00,P-01,87.11607711266632,50.80050621292901,305.62506970983895,83.18712663148887,3.4252792188692305
2026-03-12 04:30:00,P-02,84.22007912110764,49.28852475111527,449.92269659508753,122.06727630302512,1.5190130116560743
2026-03-12 04:30:00,P-03,85.51905783174404,45.47434261991573,357.0607282184436,122.11585325652908,1.3726174697716353
2026-03-12 04:40:00,P-01,88.06512790487461,50.487957907293755,306.6283949551989,85.71622719314865,3.373853801808817
2026-03-12 04:40:00,P-02,86.23063480219726,50.89223886785311,450.32137361655685,116.20437023271639,1.2561632764969097
2026-03-12 04:40:00,P-03,84.05216621705874,39.8677839591479,520.474796221325,119.20420310579304,1.7996089082815647
2026-03-12 04:50:00,P-01,84.60292368203997,49.18916489732389,319.9773632985368,83.67419455075418,3.5371034779728596
2026-03-12 04:50:00,P-02,86.34219884972417,50.17604382631701,455.8663169569265,113.8265357843763,1.5250823390986519
2026-03-12 04:50:00,P-03,81.36382560289462,77.39332678839061,586.0473301547132,121.47652605879001,1.625847735137619
2026-03-12 05:00:00,P-01,80.9976934475675,51.66154969845901,299.6030837916611,85.39246869914356,3.725122381644246
2026-03-12 05:00:00,P-02,84.33137989922695,51.634115697266424,452.8361317566871,122.931497912679,1.1719496136643013
2026-03-12 05:00:00,P-03,81.42478949925146,83.30544589204705,521.4883201608735,120.81830739660353,1.3209094471442033
2026-03-12 05:10:00,P-01,84.98276473413233,51.7068661678865,304.93829576176154,80.4663284939673,3.4685570982435316
2026-03-12 05:10:00,P-02,85.38682187935673,50.065446662275946,450.83009566655875,110.24425232878122,1.0848459723234822
2026-03-12 05:10:00,P-03,89.95298594539517,42.01276610060389,392.5848652039879,118.52878799904293,1.1782054053518154
2026-03-12 05:20:00,P-01,83.5837897087067,51.72123392428853,313.0324917626751,85.70311143676588,3.526356848137439
2026-03-12 05:20:00,P-02,83.17893256513867,50.40366356579507,446.00780693935934,117.1199816415589,1.2323430749978521
2026-03-12 05:20:00,P-03,87.13074094239853,56.732590112562136,269.7000020450019,115.58542562647357,1.223234421818924
2026-03-12 05:30:00,P-01,84.53658172861903,49.45539701323565,305.4787170338607,83.70928894802671,3.508632469701614
2026-03-12 05:30:00,P-02,85.8334684149035,49.70361352217506,452.1825051858011,122.19396270456748,1.314526004960008
2026-03-12 05:30:00,P-03,84.70202935832033,26.730876432992524,319.70850206392424,119.23387996361663,1.4157373382204108
2026-03-12 05:40:00,P-01,83.3095188915193,50.134865303808965,311.5190465532072,81.57584496042296,3.4088070790811242
2026-03-12 05:40:00,P-02,82.11716951469714,50.91727750583702,447.512103171651,119.53196879916857,1.1263064758197938
2026-03-12 05:40:00,P-03,90.24993246530337,46.622783086292564,474.86941360761404,126.86152702199678,1.5178573164425428
2026-03-12 05:50:00,P-01,86.64462859726515,50.54778749119002,312.4545070538741,79.81613671753408,3.5394292467423307
2026-03-12 05:50:00,P-02,84.36014718530777,50.02758609355877,452.31346482504483,121.26260711389861,1.5804427410660122
2026-03-12 05:50:00,P-03,83.63358421632003,33.40524004929865,506.7225916783778,123.46923026917189,1.29530372568825
2026-03-12 06:00:00,P-01,84.65745668282462,48.55087294099826,303.424873305407,83.89889625594523,3.0998944095951275
2026-03-12 06:00:00,P-02,84.10125156347304,48.952177970632626,460.0690145503268,114.06945321589605,1.7813601941883364
2026-03-12 06:00:00,P-03,85.48223910230807,41.0600505722058,405.1206175287481,119.29018402108245,1.7811362365663232
2026-03-12 06:10:00,P-01,82.74502644894528,50.50915831238183,304.7940048165137,85.15466768068441,3.5803243304787995
2026-03-12 06:10:00,P-02,84.46517070688289,50.093773551369836,440.8426306480736,121.2893548660989,1.739763070416529
2026-03-12 06:10:00,P-03,84.13107070168483,64.1686554627922,404.7334913221602,121.77641390675335,1.2696157409485882
2026-03-12 06:20:00,P-01,79.30397164454224,50.14328807083591,308.6916725359754,85.52167061038122,3.8915160866729646
2026-03-12 06:20:00,P-02,86.23436197513163,51.220221157481596,459.34364661803266,119.92693116692271,1.2828436940403292
2026-03-12 06:20:00,P-03,85.60145684570082,59.68384788362533,305.839897736693,121.17574117421442,1.3811104962167022
2026-03-12 06:30:00,P-01,84.6101901176457,49.1667293971098,313.86199822446076,84.12590418919149,3.4198853091050196
2026-03-12 06:30:00,P-02,84.32694569714697,48.8593146535412,447.5539416761839,124.41968806699694,1.5183494711488346
2026-03-12 06:30:00,P-03,85.17302916218303,61.64369277802341,542.9223622161448,124.73263356462978,1.576582087336611
2026-03-12 06:40:00,P-01,84.6549892236187,50.03176092316012,305.37587888687904,83.40543845542385,3.450699804042493
2026-03-12 06:40:00,P-02,84.22786085210282,50.63120187538553,452.12642841944745,119.49995688047603,1.2242621948840955
2026-03-12 06:40:00,P-03,86.76014440609433,37.4775610630262,350.6293818583044,119.33768641767145,1.7574625055338975
2026-03-12 06:50:00,P-01,80.76089262434664,49.60877033292232,308.1279868100731,86.31801678487406,3.35710609093384
2026-03-12 06:50:00,P-02,86.85489856909372,47.89455303880122,454.83529518521556,115.4988637057933,1.4968927361896478
2026-03-12 06:50:00,P-03,83.7531861638296,43.066548797243705,435.1062888706711,121.80373022465426,1.7895807682592166
2026-03-12 07:00:00,P-01,89.44018711348522,48.974272956955424,309.00772687599357,77.45234210245079,3.576272700215296
2026-03-12 07:00:00,P-02,85.38747572101082,50.18038565168175,448.66091221300815,116.49391783888409,1.6542438269104567
2026-03-12 07:00:00,P-03,81.79556306718963,48.15450811079571,538.4830693111317,118.63822507766724,1.3786374526318375
2026-03-12 07:10:00,P-01,87.18510325969814,48.540755936805056,306.1567986961907,77.45468594033764,3.5736748037967625
2026-03-12 07:10:00,P-02,86.15083937586637,50.807470625327184,443.4762695972428,120.57321961323767,1.7576601484502519
2026-03-12 07:10:00,P-03,82.0313750946609,40.93571772634029,609.2967274147819,117.98952791339958,1.459689963088937
2026-03-12 07:20:00,P-01,86.16747110242098,50.08992733139756,301.2082236411466,83.61133392542695,3.517943139447963
2026-03-12 07:20:00,P-02,85.16375588158434,46.98827661928929,449.3850353211862,115.64516546842961,1.630870146111301
2026-03-12 07:20:00,P-03,86.17727399251409,68.1580942361883,335.58591693126044,121.44139053910159,1.4656576887415376
2026-03-12 07:30:00,P-01,83.70461228317352,49.056249625365325,309.2647407497334,87.82753476263565,3.4019616267472585
2026-03-12 07:30:00,P-02,84.29749230514759,50.941721494931,442.3424221284208,122.15060970020693,1.4250172577135765
2026-03-12 07:30:00,P-03,85.11191462070317,46.39290950114495,456.3528061009859,121.33522325956285,1.9629735264719108
2026-03-12 07:40:00,P-01,83.80711021244397,51.68835499072893,307.77058905805467,83.56021474697923,3.580509876686079
2026-03-12 07:40:00,P-02,85.21607147645592,49.56698846482505,433.4497889234838,123.55663728434754,1.692743084946343
2026-03-12 07:40:00,P-03,88.00159542587005,48.75062966015771,748.0403899513597,119.52776805247179,1.6807976511981917
2026-03-12 07:50:00,P-01,87.33177321191955,49.326526494400035,312.2388434243667,86.31473642043639,3.6693262134848483
2026-03-12 07:50:00,P-02,86.96872805615746,49.60686117101564,442.4872778819836,115.53820213091628,1.2519596537674882
2026-03-12 07:50:00,P-03,84.4654350857212,36.60920715952121,404.2770428823064,118.02443555683067,1.6639771973501973
2026-03-12 08:00:00,P-01,87.42048923461154,48.98872263788296,302.72854344181314,81.36847210504698,3.050426391576692
2026-03-12 08:00:00,P-02,84.61278050792353,50.005335844921404,456.0442830793608,122.60858986379606,1.307949825593038
2026-03-12 08:00:00,P-03,86.18070305856776,28.41810354266828,440.2711409268338,118.90784369349404,1.4750839506953135
2026-03-12 08:10:00,P-01,88.2554305093699,52.2075562863324,317.403366183825,82.07428396622751,3.5243268175538356
2026-03-12 08:10:00,P-02,84.17379057781848,49.742630012175475,452.079416283479,120.63397742924833,1.7156293808322278
2026-03-12 08:10:00,P-03,89.10439418578673,56.01555842364279,513.1380387063142,123.69507000599428,1.856941138752309
2026-03-12 08:20:00,P-01,85.12158883868236,48.62232093080049,309.72154887508543,80.14622796667365,3.514365415956611
2026-03-12 08:20:00,P-02,84.77194502677305,52.00515976535449,451.4924970882282,119.56328842993774,1.0928831030327775
2026-03-12 08:20:00,P-03,86.40462579860707,49.274256107805364,451.7589298142447,117.22210085627812,1.6467149313953255
2026-03-12 08:30:00,P-01,84.20417798135539,50.76231471836425,309.1031324541419,78.61164873806547,3.694047779017273
2026-03-12 08:30:00,P-02,84.67732170258991,52.107142711010496,447.7900289094838,116.43696491062339,1.6664352943558127
2026-03-12 08:30:00,P-03,88.52343379986002,51.13834659033779,342.04248484617733,115.04681500626965,1.4422804638687126
2026-03-12 08:40:00,P-01,84.40236413945705,50.47832844805855,307.9880499639534,85.11338219828897,3.554250032588201
2026-03-12 08:40:00,P-02,87.33469446823986,49.99691337337778,431.118350927159,123.55872830519013,1.655731141722001
2026-03-12 08:40:00,P-03,85.24336244208142,42.28587783040927,450.0586837144334,120.29169844795648,1.7017267659757336
2026-03-12 08:50:00,P-01,85.18938931458834,51.86456218264597,315.74092446000355,80.36328008471304,3.396781484600218
2026-03-12 08:50:00,P-02,79.59074572599818,50.887845650228286,451.11878734995287,121.11041204117191,1.6579743082796998
2026-03-12 08:50:00,P-03,85.89112012446571,45.23693694012867,421.38838485778183,116.4837691391191,1.5413874395327887
2026-03-12 09:00:00,P-01,87.26241912396647,50.30325549599845,319.9562550377149,83.53664106512085,3.697099870866573
2026-03-12 09:00:00,P-02,85.70508602578052,48.450737905833485,449.9507650993319,119.57475520979173,1.5824248992710293
2026-03-12 09:00:00,P-03,87.27632612538298,49.730939711340724,428.19229136103405,124.02399328590468,1.3276401407066425
2026-03-12 09:10:00,P-01,83.55582125049307,51.31905672660347,310.0725001386967,85.63065510580532,3.650335294897131
2026-03-12 09:10:00,P-02,87.05377475736734,49.35553861009705,446.25714182853187,117.22260398886482,1.5926418079837874
2026-03-12 09:10:00,P-03,83.83302110188347,51.9600035682334,537.288022471549,121.53484346697736,1.7551711733513002
2026-03-12 09:20:00,P-01,83.14927740819972,50.355103693935405,311.1078834957194,87.86563092226305,3.538545172436561
2026-03-12 09:20:00,P-02,86.21287966990354,50.4211170614956,459.41222998022175,116.80381800725213,1.7628019376728632
2026-03-12 09:20:00,P-03,86.19007911788759,48.10355224848671,357.34129546675115,120.06936853331597,1.4598752880567953
2026-03-12 09:30:00,P-01,82.8484960338797,49.6935322273595,307.1703553375827,85.85747518239714,3.598361799687913
2026-03-12 09:30:00,P-02,83.61086616485781,49.2661040363546,452.07100940360823,119.93488901668171,1.6421963689190566
2026-03-12 09:30:00,P-03,86.03140067994315,49.605485927291646,634.8580232834247,114.7442452437375,1.5530702527813653
2026-03-12 09:40:00,P-01,85.44492213153598,50.737510443951315,311.3309920298728,84.35692518475446,3.4208183132447547
2026-03-12 09:40:00,P-02,83.1890267793319,50.64196194451738,440.6217875363507,118.0535957741036,1.4665163938705033
2026-03-12 09:40:00,P-03,84.28693113284372,54.049557687376826,341.603828544222,121.60182613504998,1.4306754535528698
2026-03-12 09:50:00,P-01,89.0942984424645,49.320080335919094,310.01296563541007,86.9974644376853,3.5284249615059533
2026-03-12 09:50:00,P-02,85.14525577898914,50.96149408987525,454.7327169802028,121.1431496448142,1.723283383678512
2026-03-12 09:50:00,P-03,88.0303266535324,31.101461219710092,554.2468795270725,120.65820074452225,1.7594815943096065
2026-03-12 10:00:00,P-01,86.38578720989149,50.37861259459531,307.3387803146735,80.24627815102846,3.322498491349032
2026-03-12 10:00:00,P-02,83.75541445768563,51.01267811358474,446.1130960344499,117.74675023667288,1.6486550069254984
2026-03-12 10:00:00,P-03,83.88578098343064,53.248479145724524,383.45624487596604,116.54501005693342,1.6891932879622606
2026-03-12 10:10:00,P-01,86.06686833766662,49.60982607305321,316.1016102536552,83.75160838716974,3.5596053042287803
2026-03-12 10:10:00,P-02,86.58183334050106,49.7943368353509,455.615674597221,116.83546029656249,1.2905290873979807
2026-03-12 10:10:00,P-03,81.41053697938452,49.621462748107604,595.5759849436913,118.39077617331678,1.756656965512609
2026-03-12 10:20:00,P-01,84.72001538924194,49.59282935787875,298.7095539582702,82.49242012328332,3.737927476950933
2026-03-12 10:20:00,P-02,84.67568525357767,49.94735432850768,457.06796438341803,119.3393335812765,1.9091418658940447
2026-03-12 10:20:00,P-03,84.0567588555424,38.76549512268753,334.048147304983,124.16038340685186,1.961271957803475
2026-03-12 10:30:00,P-01,84.1230855379952,48.710846306809245,310.5786150835761,79.3693214805505,2.998357100299982
2026-03-12 10:30:00,P-02,81.24025388909,50.252496845173695,448.365765969335,120.87646343479933,1.6323367021486697
2026-03-12 10:30:00,P-03,84.66175591599945,44.10455017100229,285.1748297887504,122.79467357084225,1.0169405248712826
2026-03-12 10:40:00,P-01,84.09061757810979,50.12771455770675,308.1660161489124,81.23853581684568,3.739632133930585
2026-03-12 10:40:00,P-02,86.377944093258,51.48549510999389,447.9604973937842,123.40714439522553,1.5620206211169092
2026-03-12 10:40:00,P-03,81.78222464250618,38.46521210429259,472.7378776110539,118.20739342038426,1.4724282388016972
2026-03-12 10:50:00,P-01,89.12741542585407,48.747647300173156,316.94751299821286,80.51501595000974,3.408103149629852
2026-03-12 10:50:00,P-02,84.7345906008829,48.499447462763115,455.6716906732552,121.4550030648893,1.504482473946656
2026-03-12 10:50:00,P-03,87.78571030519096,41.16613848391707,632.3106134507942,119.88271398187027,1.624217742744873
2026-03-12 11:00:00,P-01,84.58524683435007,49.02912536132258,316.6102282287517,86.76653566852835,3.1252011608680452
2026-03-12 11:00:00,P-02,86.24872411795239,49.514803198732196,451.65829670414115,122.2693511491932,1.677983194153266
2026-03-12 11:00:00,P-03,85.25070888814393,55.37021648810971,330.6857884546514,118.7352624750732,1.5639036520470064
2026-03-12 11:10:00,P-01,84.75553474399426,50.197944605568985,308.919806539878,76.63105275423962,3.3928959953453064
2026-03-12 11:10:00,P-02,84.89830390300185,48.625676243615224,447.847986418083,119.24840973779757,1.6353084145083625
2026-03-12 11:10:00,P-03,84.1667584294689,32.238194867021456,328.18311881726663,117.94064012554237,1.4074899406131085
2026-03-12 11:20:00,P-01,80.78871022974619,50.28924822845129,309.5611747570159,76.90690753652561,3.532639593423947
2026-03-12 11:20:00,P-02,85.81125890191839,47.30337105604139,446.2401635521431,119.75295461318316,1.2277506272575207
2026-03-12 11:20:00,P-03,84.07462601679943,56.08082140733352,528.9050298903138,124.7118089060024,1.497900124396565
2026-03-12 11:30:00,P-01,83.21218270694865,48.1401528638156,310.95843989587877,83.49052822344021,3.8233478168140174
2026-03-12 11:30:00,P-02,83.04827644499916,49.450898737560834,452.8169265160035,121.62902966981842,1.586158610699379
2026-03-12 11:30:00,P-03,87.98527191978705,65.05266875007356,452.8557456382125,119.77338102810009,1.0889912949528564
2026-03-12 11:40:00,P-01,84.30228635957825,49.4983613515353,311.6390617452952,83.67784972085008,3.719557600553956
2026-03-12 11:40:00,P-02,85.50109788694839,47.879271825265036,450.78709498109873,120.50841203188588,1.677044901413332
2026-03-12 11:40:00,P-03,85.95833131846939,64.95202733873617,439.3204388001272,121.17189168769913,1.558665852488598
2026-03-12 11:50:00,P-01,84.54373697055804,50.54270452038729,305.88719253947795,83.8533101206146,3.4609536969586774
2026-03-12 11:50:00,P-02,84.82789415510155,49.0409697427985,443.3750824479984,124.56681369413016,2.0252085065751286
2026-03-12 11:50:00,P-03,86.26648227412129,46.471059909029414,522.1614289250103,121.90941398156055,1.4628656223628553
2026-03-12 12:00:00,P-01,85.13134969312298,49.064847342257416,310.0711803897122,81.54176944031423,3.891640027468025
2026-03-12 12:00:00,P-02,85.44388382501043,47.908701509268305,451.34842547641887,115.84954934731016,1.634619247703332
2026-03-12 12:00:00,P-03,82.49348840617893,47.23498130122959,287.52751834296447,117.9799460490109,1.4727474336558823
2026-03-12 12:10:00,P-01,87.74395143500577,50.7079622177809,313.7793241888395,82.28653706751206,3.56938734667476
2026-03-12 12:10:00,P-02,87.97064955525603,48.59694364410684,454.8860693535509,115.98748626936046,1.4241321525695347
2026-03-12 12:10:00,P-03,85.41075685038953,42.277911366261065,331.9963274725746,118.41178632048762,1.4155037413587834
2026-03-12 12:20:00,P-01,82.82505515006956,50.07762173531097,306.3998541919995,85.15013810503618,3.538363666921388
2026-03-12 12:20:00,P-02,84.61903332291801,49.170127631464794,446.1976994802928,122.87856834073101,1.393399569798906
2026-03-12 12:20:00,P-03,83.35670015890072,50.641902523569485,405.7894219954752,120.39879726377785,1.4624551208450172
2026-03-12 12:30:00,P-01,87.25696139900381,49.908366748229646,314.3444119352756,81.15879504479437,3.592552207319768
2026-03-12 12:30:00,P-02,83.71216407344242,51.43788128044072,447.80152151837194,121.37217023674815,1.2167170898732629
2026-03-12 12:30:00,P-03,83.40374713081985,37.15061185920538,369.40430531124866,120.2561241398715,1.3975556726015188
2026-03-12 12:40:00,P-01,84.62901304255217,49.19627662185152,317.9080665850366,89.22970430990472,3.327373235682408
2026-03-12 12:40:00,P-02,84.37679015967527,49.10120085011089,451.4553480007042,121.95319137198426,1.4154303857957613
2026-03-12 12:40:00,P-03,84.36474051685884,31.47416544149971,420.0033721699784,118.30281595656393,1.3368658404295908
2026-03-12 12:50:00,P-01,90.50144583025232,48.89195155470854,312.8644125475765,84.53409357173845,3.4132215687788614
2026-03-12 12:50:00,P-02,86.53167592969046,50.236980392714614,442.9560147276587,116.31370618588083,1.2987045515057491
2026-03-12 12:50:00,P-03,83.04234307834493,45.12499733151055,507.02928013639536,117.31517362999354,1.3372910056800116
2026-03-12 13:00:00,P-01,83.8221178146043,49.98023038300531,313.34594083414567,83.5036801039997,3.2847592652478586
2026-03-12 13:00:00,P-02,87.093390701972,48.895096083972426,453.826801653847,117.15214228192794,1.4462995110894237
2026-03-12 13:00:00,P-03,84.6002611451474,71.71925565579184,492.78265431385853,113.0174890492037,1.6254436217229342
2026-03-12 13:10:00,P-01,85.82216367889717,50.24086652486612,322.13479851695325,84.16199615056141,3.19092183992184
2026-03-12 13:10:00,P-02,84.84872001702566,50.749557064594256,456.9493334707889,121.72044951269206,1.659798282562415
2026-03-12 13:10:00,P-03,83.28365235284923,50.67728678702928,474.0511696005279,124.12209400603312,1.5758878429885264
2026-03-12 13:20:00,P-01,88.9025567124463,49.766801987000676,311.76998629632584,83.27633320748231,3.503050568809667
2026-03-12 13:20:00,P-02,85.07457445601042,49.07984183373652,446.20546384528575,120.44764216894872,1.33944831328937
2026-03-12 13:20:00,P-03,87.9061531443222,35.90295142495695,526.3740150534775,118.25402203580019,1.2429397707299377
2026-03-12 13:30:00,P-01,83.59682890747163,49.90844235513082,302.3381034094684,83.95706121884118,3.2352210136951047
2026-03-12 13:30:00,P-02,85.67388960041694,49.57473995096267,450.1240478001963,121.7775161396737,1.5107193995856003
2026-03-12 13:30:00,P-03,86.8944843334947,47.9281652959487,499.96023187063537,120.29778562029057,1.7409506487837358
2026-03-12 13:40:00,P-01,83.72473646212089,47.81280180227473,304.2897062141073,88.58090756454027,3.4105502815456408
2026-03-12 13:40:00,P-02,87.07808383095193,50.548084496766805,454.6463755355283,119.00169370052592,1.2649658405028459
2026-03-12 13:40:00,P-03,82.98913385357224,52.68752286333912,342.11373218343044,120.98300337616942,1.127988119893367
2026-03-12 13:50:00,P-01,88.73050342128009,52.44933551912515,311.0568257657879,82.82371667702907,3.7039444627043627
2026-03-12 13:50:00,P-02,83.48850373994921,48.927412649385545,443.3361383760609,122.8736586837475,1.2858687618106526
2026-03-12 13:50:00,P-03,86.34140304814156,59.52649062760168,477.8043610992426,120.27962946944336,1.4816437083080893
2026-03-12 14:00:00,P-01,87.05616793685931,47.92574483794244,309.0163075903056,83.52065596100513,3.3055498079208716
2026-03-12 14:00:00,P-02,86.281137990364,49.19384371170171,438.41973076103267,122.53380979023424,1.4348600634609174
2026-03-12 14:00:00,P-03,86.83816582447088,62.27435617308214,377.7428712710481,119.70199900920564,1.157061486319685
2026-03-12 14:10:00,P-01,83.17679631319069,48.676176584344425,309.4255180452934,90.33031870694865,3.5578497926042436
2026-03-12 14:10:00,P-02,85.17483006112249,50.33316363139776,451.0478826700255,123.46310626753426,1.7512276421005368
2026-03-12 14:10:00,P-03,86.12227781680122,51.37134137244189,314.49654777364594,119.04329923353194,1.6707066509847015
2026-03-12 14:20:00,P-01,87.57521418080889,48.89982564365717,322.7768068529286,86.10209932260625,3.8701716547079226
2026-03-12 14:20:00,P-02,85.94025693334072,50.98379963834141,449.26069179757576,118.78174041439114,1.4775413987931223
2026-03-12 14:20:00,P-03,84.13143944098772,73.98251072242076,630.8812075203568,120.20251233302409,1.8212991815059028
2026-03-12 14:30:00,P-01,89.38726992197842,49.39434459318656,310.52313347881784,88.44686109642132,3.497517175299471
2026-03-12 14:30:00,P-02,83.5180346833761,49.4769919033294,444.816626008394,123.49447968420236,1.4805682180283375
2026-03-12 14:30:00,P-03,85.18944590409953,53.03924508118359,469.2250467984239,116.72097450584809,1.3210478792358196
2026-03-12 14:40:00,P-01,88.72322471822044,49.67164340102858,314.90199386382403,79.12389853273774,3.3362018319659357
2026-03-12 14:40:00,P-02,88.4709128090617,48.813960492225036,448.79780533225687,122.34311738953626,1.5361784311599975
2026-03-12 14:40:00,P-03,86.34890681127658,55.23966986807113,482.38504191365877,118.23252588564107,1.5682317357706417
2026-03-12 14:50:00,P-01,87.3520801447079,50.228835466672464,302.58808881987414,84.4132934573862,3.4647362336680656
2026-03-12 14:50:00,P-02,85.32018063440638,50.14390616565178,445.277362117603,122.07340125978553,1.3502440348538
2026-03-12 14:50:00,P-03,84.93555348019515,50.90988845710533,330.3423730995232,117.85416994234771,1.5652469750431246
2026-03-12 15:00:00,P-01,86.63780228757203,49.34557065703922,306.86260591492004,83.74673882982603,3.3700766488792193
2026-03-12 15:00:00,P-02,83.02570807636266,47.742472999580215,446.0150465271891,115.96199414101409,1.3350459234905583
2026-03-12 15:00:00,P-03,84.1193667859594,58.95999419900273,414.18221468086296,117.17189690341065,1.5397691581313753
2026-03-12 15:10:00,P-01,86.91098469305274,50.24661162635676,308.6101842020714,83.85999285855053,3.5716713898606427
2026-03-12 15:10:00,P-02,85.11540112628512,50.72852881962571,451.59422074127536,125.46058750344719,1.4804875940296824
2026-03-12 15:10:00,P-03,83.88330186999201,60.04812100669196,379.2400309640214,113.87811542843659,1.3827338158821219
2026-03-12 15:20:00,P-01,84.89214143148752,47.59793553589471,311.74786273092116,79.35717434146446,3.8439072314978464
2026-03-12 15:20:00,P-02,85.88060079255062,51.70045495278128,449.23386491289233,122.41993774283065,1.2658133587481113
2026-03-12 15:20:00,P-03,86.12115570075545,56.3115129783637,325.71560176766616,120.81049962196303,1.4392121727202327
2026-03-12 15:30:00,P-01,82.8166589989999,48.97762251473172,313.3700523096292,77.39289465588598,3.341358715075488
2026-03-12 15:30:00,P-02,84.83080694669714,49.940867697067745,451.28829323634096,121.74663174699154,1.788337337858025
2026-03-12 15:30:00,P-03,86.96270514124485,43.09056391680905,508.4589831037649,122.47425731688784,1.2765924899982375
2026-03-12 15:40:00,P-01,82.31012534986006,50.562577075965095,305.68156967738713,82.39669033090587,3.504806637373136
2026-03-12 15:40:00,P-02,83.81628286629198,49.32211898754463,448.05454779875123,119.81082439665757,1.2658481030994313
2026-03-12 15:40:00,P-03,83.4350088798299,41.65544669297881,452.71660040938247,119.14716585573656,1.6115092584376398
2026-03-12 15:50:00,P-01,86.60994137909103,50.35938624140539,310.76151377461963,80.58178281784294,3.0507352862411032
2026-03-12 15:50:00,P-02,86.29528467531186,51.212053594525614,452.4344436921878,123.86157077270055,1.3076944294818715
2026-03-12 15:50:00,P-03,84.62880555960835,38.64566960397815,385.5530412413957,118.50130588167099,1.350569596607379
2026-03-12 16:00:00,P-01,82.18585095535356,49.59519806572492,311.48392500545754,86.8525795372432,3.435587253265119
2026-03-12 16:00:00,P-02,82.69322381900274,51.38789476760075,453.4229534569401,121.75728148699895,1.5161891600223467
2026-03-12 16:00:00,P-03,80.73535968085955,47.23725338905495,352.09044866411404,126.50653376189514,1.4527672189951846
2026-03-12 16:10:00,P-01,81.83196515829991,51.99457344310039,313.56602155531834,81.8236159781249,3.552509019191653
2026-03-12 16:10:00,P-02,87.85336263416812,47.40606046867875,450.55793959533287,117.7365945268245,1.5885857300281314
2026-03-12 16:10:00,P-03,80.32590182418961,58.27492144720488,418.84715008724396,120.69334593489745,1.7642206428944285
2026-03-12 16:20:00,P-01,84.50693636316473,51.60449761281106,311.7761045935809,81.99263170567852,3.6439096872582146
2026-03-12 16:20:00,P-02,82.3562716577385,48.19637154242995,452.1672909259183,116.11679922824092,1.3156503633269536
2026-03-12 16:20:00,P-03,85.30657779903957,58.35941092448398,501.0405487774715,114.7401356582715,1.4793105935668138
2026-03-12 16:30:00,P-01,85.21930763373626,51.09222658367421,326.00031413816833,81.66153141737328,3.6542343499462677
2026-03-12 16:30:00,P-02,85.7651633459574,48.815083943080715,449.0035114659272,122.28017291954501,1.2865541476552478
2026-03-12 16:30:00,P-03,86.9773057196665,88.73431382632381,374.82995303882393,115.8104449615406,1.313733119234795
2026-03-12 16:40:00,P-01,83.6699682212062,49.08244971664014,306.5606658776159,85.42886681031806,3.46675152218356
2026-03-12 16:40:00,P-02,84.45021149343697,49.546042646349825,457.13805188252115,122.06728840601649,1.2029783996619945
2026-03-12 16:40:00,P-03,83.90147263700337,42.2871931203188,530.0533723914724,121.62543127321851,1.2651987076380256
2026-03-12 16:50:00,P-01,83.27360980675758,49.48235332874,312.0182014327665,83.37316529022411,3.8545418241921077
2026-03-12 16:50:00,P-02,82.70234066857594,51.005679429588035,454.0548060240142,119.72270519541601,1.4330660528639072
2026-03-12 16:50:00,P-03,86.83210124181318,42.67085174776494,671.3515017795306,119.05825105451905,1.572237970797645
2026-03-12 17:00:00,P-01,84.39254398506735,48.89443366647954,311.77241109423085,87.88316361186713,3.587883080641376
2026-03-12 17:00:00,P-02,89.91399199376687,48.100139352015375,454.2975803913356,120.24071069678,1.8982901245107795
2026-03-12 17:00:00,P-03,85.19155262997218,44.43402636322161,395.2181506754561,118.13087120971278,1.293635243102163
2026-03-12 17:10:00,P-01,83.51639003136896,49.65760930245537,318.54482082902064,80.57973537995787,3.2979689092411877
2026-03-12 17:10:00,P-02,87.58755768668654,50.8473960259045,452.41607371096416,123.33108304156598,1.5490530868792682
2026-03-12 17:10:00,P-03,84.46108321931841,58.07961686385438,436.0068375063241,120.19310313225797,1.751237519212005
2026-03-12 17:20:00,P-01,82.64855152249494,50.63818535906055,315.6411703129126,75.3830412755413,3.5474329937800633
2026-03-12 17:20:00,P-02,90.1726432373043,49.991786274512826,449.4528616560384,118.19015474761362,1.5460851996086649
2026-03-12 17:20:00,P-03,83.94913092713804,50.101632108096204,491.5284200867356,116.93465080587501,1.5789313257406865
2026-03-12 17:30:00,P-01,86.18536114599931,48.337366940686586,301.9049352917706,83.69658953406167,3.5066183298827798
2026-03-12 17:30:00,P-02,85.0647526696659,48.494618316102404,454.52816474692924,117.841812128433,1.5478460434976944
2026-03-12 17:30:00,P-03,87.11956776733214,52.29736581461158,402.51358833047834,120.02577147387665,1.4896237619848116
2026-03-12 17:40:00,P-01,83.86042903067244,50.26508543834403,308.7732456566255,81.79921113638696,3.3473628369629687
2026-03-12 17:40:00,P-02,86.92953948780323,50.59707408873425,449.0390839182631,117.96954182555017,1.7877110545026584
2026-03-12 17:40:00,P-03,85.55822240681785,51.065355021857044,552.9729175359265,121.20829785021226,1.287132829214123
2026-03-12 17:50:00,P-01,85.84605623568672,48.442197268745176,310.7889423890494,82.71792866356654,3.6413777879010176
2026-03-12 17:50:00,P-02,84.81371312477108,49.13286029392122,453.0775390544783,121.13865827497635,1.265049330960117
2026-03-12 17:50:00,P-03,83.82304053832094,42.955427818465914,482.0560358226186,119.90088715390016,1.5761256736812588
2026-03-12 18:00:00,P-01,85.51168853387938,50.04784543978517,306.1314156418371,83.36773894438409,3.6019886061452766
2026-03-12 18:00:00,P-02,84.85598606932628,50.1080081488292,460.28298005443713,117.40209087367882,1.3728158189907038
2026-03-12 18:00:00,P-03,82.90603313194315,56.544360817735175,560.9451565903,117.12939666274751,1.147655211898032
2026-03-12 18:10:00,P-01,86.12394572036004,50.2287393170632,307.18412076214935,86.83275032977747,3.307965151972482
2026-03-12 18:10:00,P-02,85.58254896299732,52.17359137993803,446.0522601221746,122.17671887011028,1.4667517977359616
2026-03-12 18:10:00,P-03,85.96388609054216,53.86546464463604,589.7284501878626,117.31453893403038,1.3631270978823264
2026-03-12 18:20:00,P-01,84.28206246001268,48.46846671477261,313.5590076772773,80.59220506192679,3.669027014289182
2026-03-12 18:20:00,P-02,83.61762564595965,49.81654458734385,445.7461489150967,121.29714239518563,1.1524217138778976
2026-03-12 18:20:00,P-03,83.50469872877264,45.64296934529469,486.86678539713046,119.74062262552769,1.44517452019995
2026-03-12 18:30:00,P-01,85.88450180315193,49.47731713875646,313.358276217115,83.55223851790495,3.2364345242528136
2026-03-12 18:30:00,P-02,86.28774584040107,49.580868325218674,450.3751915315426,118.75141580751043,1.505862497172547
2026-03-12 18:30:00,P-03,83.99977958137926,36.75956148466686,453.70609553425845,118.65593884420379,1.5643191774519738
2026-03-12 18:40:00,P-01,86.67133677283603,48.316733029618625,311.4135772666828,78.38361912970953,3.5312372677508748
2026-03-12 18:40:00,P-02,83.97953779402378,50.30326418496669,451.61914212167693,115.42426959814047,1.3496790013400148
2026-03-12 18:40:00,P-03,82.360688663168,59.09278971751086,524.5391222353385,121.1627419757676,1.6673470773144239
2026-03-12 18:50:00,P-01,87.5606905852423,50.797662339582615,308.73795282292946,79.59208798412041,3.4561268564394556
2026-03-12 18:50:00,P-02,84.21969493019716,50.11204177757146,459.2359183207345,113.08925587253542,1.8216236844825544
2026-03-12 18:50:00,P-03,84.58189949223436,57.99662522709378,480.50549572067473,118.33981623654122,1.0798448738060888
2026-03-12 19:00:00,P-01,84.14783906503374,49.2986953577746,317.99603375021564,81.97589963402504,3.803393096507633
2026-03-12 19:00:00,P-02,87.33980228299582,50.7613150161929,446.31559867342514,117.14569144950167,1.4415637679172983
2026-03-12 19:00:00,P-03,86.2407083074769,50.232704773743485,439.839378489965,116.03424230333364,1.7166922695722526
2026-03-12 19:10:00,P-01,87.30601593538654,50.060365714780616,305.1683101736997,88.11506448325326,3.490024214442223
2026-03-12 19:10:00,P-02,81.12278581396501,51.20997927772634,453.67668030251787,123.01643967023237,1.6790073443381686
2026-03-12 19:10:00,P-03,88.73364081477813,51.01393652801033,394.3411096836699,120.09046333342972,1.228301790856086
2026-03-12 19:20:00,P-01,83.53934040829061,48.77573964755798,303.8521081792613,81.90072378883761,3.5427757304261673
2026-03-12 19:20:00,P-02,87.57933646474325,50.645985456784736,449.2702436657448,115.69244710831799,1.0569361145016636
2026-03-12 19:20:00,P-03,86.00481563072013,51.86892325480938,626.726304508945,118.45789156163453,1.2472671631901358
2026-03-12 19:30:00,P-01,81.88159415156382,49.06164139557448,310.58839391258186,82.2520856059663,3.39413944464473
2026-03-12 19:30:00,P-02,87.12487058812086,49.454547541414364,454.11946859507896,119.41023899132838,1.514474491029576
2026-03-12 19:30:00,P-03,83.09456409951225,55.20957839576191,551.9852347617013,124.30003037623928,1.2355388081317646
2026-03-12 19:40:00,P-01,84.43371643410448,50.651402125877546,317.24512687674684,81.66326168019302,3.6908467273805785
2026-03-12 19:40:00,P-02,82.49804914095186,50.611923434644936,444.8167118554012,117.91875571059147,1.9021237771218398
2026-03-12 19:40:00,P-03,84.11818928025419,43.56425081934568,501.7595865207148,120.01268600410316,1.3910920193126914
2026-03-12 19:50:00,P-01,85.9539893108763,49.35697744008488,321.25470174017755,81.20671932469122,3.612554045459909
2026-03-12 19:50:00,P-02,84.30543747177198,50.9612796847144,445.36772556493816,121.86724058307495,1.2049890292971515
2026-03-12 19:50:00,P-03,86.14504301535653,60.68482435308968,431.465459750921,116.51165354925703,1.4964119514502925
2026-03-12 20:00:00,P-01,84.69529036803642,50.174471871720996,320.03806024420874,80.9664520589902,3.31552095207286
2026-03-12 20:00:00,P-02,84.00496648618706,49.45299890089771,453.62974700607344,122.2975194362473,1.8651878149588141
2026-03-12 20:00:00,P-03,87.32650472495355,58.938629651837644,546.8703852354009,120.84174728314036,1.3385323758763574
2026-03-12 20:10:00,P-01,85.27171227882172,49.443374821499155,312.9341089637447,85.08141109627815,3.3742494538163847
2026-03-12 20:10:00,P-02,85.24687967024363,50.35793660529594,450.88557637309003,120.98559791282051,1.468368225893446
2026-03-12 20:10:00,P-03,86.51733199200676,37.32246241296496,375.24295674009625,123.24229831013633,1.4499514235346023
2026-03-12 20:20:00,P-01,85.82299914328554,48.82377819793008,311.0012072451129,81.94070746589298,3.3106742761077887
2026-03-12 20:20:00,P-02,84.77552385552052,50.59885959523277,441.4353375657678,115.35770266093297,1.4252079129217188
2026-03-12 20:20:00,P-03,84.04186585096255,47.90086787503209,313.9242094960643,117.65400671707691,1.4478632480468638
2026-03-12 20:30:00,P-01,83.82110523453278,47.76640748473647,310.1298739927791,81.27267084995117,3.1260360645377396
2026-03-12 20:30:00,P-02,82.84309248620676,49.385854419084566,447.9265036831527,117.31456479037047,1.835203770171662
2026-03-12 20:30:00,P-03,84.76170467132778,46.68369402015248,477.9613834108065,117.34925639531697,1.7491028281333354
2026-03-12 20:40:00,P-01,84.61455226658076,51.273210364301704,306.9593957240543,85.8547875915628,3.5367856650995106
2026-03-12 20:40:00,P-02,84.13658280913484,50.08357737212979,452.60078633794575,119.71206271878224,1.3625710780028981
2026-03-12 20:40:00,P-03,85.82817306197295,52.92944595275501,543.2615924034135,116.90146164256034,1.5456725980473949
2026-03-12 20:50:00,P-01,82.8848693535305,49.1714653531806,320.455463265553,82.50905480951653,3.5664635919165986
2026-03-12 20:50:00,P-02,83.59335052297,52.7760078489194,447.10306983348056,116.63246579839638,1.3926865331859806
2026-03-12 20:50:00,P-03,84.87035698327284,48.25994850897441,535.943253319976,122.54483862025243,1.367287061507107
2026-03-12 21:00:00,P-01,85.6351219784956,51.088846426520256,316.43865135917605,80.05729033630854,3.2901690654435294
2026-03-12 21:00:00,P-02,85.63335466492502,51.04586636054951,445.85300450725185,119.83403146572671,1.2903519169468725
2026-03-12 21:00:00,P-03,86.02327142412344,60.300849566292,394.2121802846859,116.6408138864063,1.4009767207405153
2026-03-12 21:10:00,P-01,83.46937046704211,49.737310565215516,299.4247291990667,81.38806457256845,3.0967275672559875
2026-03-12 21:10:00,P-02,88.25774364827677,51.466265625552445,457.19084745290576,118.39650974803025,1.4877743905495107
2026-03-12 21:10:00,P-03,85.90508783385881,44.889827126865846,431.96362397610676,121.82430464188239,1.5868702049376597
2026-03-12 21:20:00,P-01,85.16397578911685,49.68276328115611,307.60899016800647,84.12314477567472,3.689769094240728
2026-03-12 21:20:00,P-02,84.82724036796074,49.08305580453228,445.2166004949267,121.70706858400575,1.6861879773736377
2026-03-12 21:20:00,P-03,83.68363857027836,59.9858677256963,263.6954664931184,117.77617730582011,1.9852078405287292
2026-03-12 21:30:00,P-01,88.37145425549949,48.94471967185413,308.55228045214716,81.28093879862303,3.484953505217153
2026-03-12 21:30:00,P-02,81.15155047371476,50.43276550981866,450.92988669723724,118.32068981024702,1.4404664121017177
2026-03-12 21:30:00,P-03,82.35008063211085,51.48489661574142,463.9285051739553,119.39712878408419,1.9468403889710753
2026-03-12 21:40:00,P-01,85.12392674096002,49.28582499594775,313.7821975915743,84.4517988440293,3.189130451409854
2026-03-12 21:40:00,P-02,85.20363981369529,49.77728701310818,445.6300608634047,116.31469345145854,1.2527359687172475
2026-03-12 21:40:00,P-03,85.85626978412245,50.83420018346505,357.5928873926106,118.66080483080182,1.5408782011752482
2026-03-12 21:50:00,P-01,83.39741141494481,50.82512006168095,308.15881930569293,80.30345961265499,3.7955396654569746
2026-03-12 21:50:00,P-02,85.53162883058279,48.83487038679719,443.5116189238143,122.29428640735286,1.7381321069793567
2026-03-12 21:50:00,P-03,87.36864732835258,47.713879353342485,492.6611703311467,117.14027147593514,1.209410327531033
2026-03-12 22:00:00,P-01,87.56269202171852,50.82690530648977,318.7357785040123,85.48215175518501,3.4640200375459123
2026-03-12 22:00:00,P-02,85.05783337141641,49.24077458332313,448.6606545375915,119.84680107462032,1.3845045942435725
2026-03-12 22:00:00,P-03,82.94425437096953,67.97582234385222,598.7139402095198,123.57933494930279,1.4387042761588327
2026-03-12 22:10:00,P-01,83.48749250808683,50.115715329332225,317.0185489744116,92.76549876987733,3.405887390625247
2026-03-12 22:10:00,P-02,84.00840128440548,49.679131574507494,451.1652715296536,117.07469944113834,1.4032316418198951
2026-03-12 22:10:00,P-03,82.72388845044225,50.852206343022615,424.54929879911725,117.27069346538813,1.5420032673256097
2026-03-12 22:20:00,P-01,84.51329420783804,49.208350741955755,308.1674183069454,80.34109482268974,3.769015979925733
2026-03-12 22:20:00,P-02,86.71223275148142,49.04307084321227,458.2249571865027,118.68173216586727,1.8294184860555673
2026-03-12 22:20:00,P-03,84.93884465551596,67.72754816917212,386.0603068719263,120.56885534329004,1.5625667673930896
2026-03-12 22:30:00,P-01,84.44362550176207,49.40419248343864,312.8598127444863,82.27677192074538,3.4635566114377268
2026-03-12 22:30:00,P-02,82.08899274995126,49.91762548533301,444.75518474986967,120.6322543008413,1.649455248610794
2026-03-12 22:30:00,P-03,87.30319890370127,60.84646446623008,428.0154187987142,113.62244096109823,1.4641023390270738
2026-03-12 22:40:00,P-01,84.18342343307835,49.623139391244614,304.58667897950085,76.30171827367545,3.0571321163240546
2026-03-12 22:40:00,P-02,83.45322680667013,51.8260802136051,449.7870795010918,124.46940908166344,1.8364802254439638
2026-03-12 22:40:00,P-03,81.90785990631447,57.62680731787051,378.2146836022295,119.0774579746905,1.3041983918090354
2026-03-12 22:50:00,P-01,85.33023209683138,51.47313955910932,319.2259486197362,82.34675781763377,3.3868061975291095
2026-03-12 22:50:00,P-02,84.24650315008238,50.314378636702045,456.13242411833306,117.78015707494956,1.1566146772847303
2026-03-12 22:50:00,P-03,86.81495694827935,58.73002235944192,365.5469360740571,121.26492617766183,1.0613349635643166
2026-03-12 23:00:00,P-01,91.52322952011532,50.20021173871211,306.12570850367945,86.80966634805677,3.413819254665326
2026-03-12 23:00:00,P-02,82.24525563974694,50.681022210596524,444.22354228422995,117.20656075009249,1.402240111164461
2026-03-12 23:00:00,P-03,85.00452287071846,49.09386612568755,484.665885142216,126.16134058914531,1.6934263080661696
2026-03-12 23:10:00,P-01,85.98916415315496,49.68858746298597,303.58909246999264,79.27674606454326,3.5451164935807755
2026-03-12 23:10:00,P-02,80.6285412958741,51.239899067629224,453.5949776392631,119.87465824789346,1.2004673001334925
2026-03-12 23:10:00,P-03,88.99528586981941,44.770362410536336,400.49376126576016,119.90379089235756,1.7091455445425303
2026-03-12 23:20:00,P-01,83.90239360640811,50.115624971480585,309.0979755968642,81.14443189462341,3.217185322987656
2026-03-12 23:20:00,P-02,82.69179646170213,48.463822022348964,450.5385819287187,118.41193894740202,1.429599854925151
2026-03-12 23:20:00,P-03,86.65771473440509,54.82428403489208,669.4882553647658,119.0744025646233,1.9786555333926168
2026-03-12 23:30:00,P-01,86.39688412752395,50.259742160559924,306.9142779162677,85.85698184628882,3.7835472379656805
2026-03-12 23:30:00,P-02,89.30733832071873,49.279004277617936,449.5695303386658,116.99099211195033,1.144472090099057
2026-03-12 23:30:00,P-03,84.44531998867537,47.00375201576538,427.5061815998959,114.17318820244172,1.42269033942359
2026-03-12 23:40:00,P-01,82.82833131062192,49.08977263946896,304.6601941709506,84.38042004976782,3.5436028498344494
2026-03-12 23:40:00,P-02,82.31205451465594,49.38925115641501,446.0067308903258,122.856722089447,1.291001700044224
2026-03-12 23:40:00,P-03,85.03088101413498,56.675292189939796,640.2405841483815,117.9142382695757,1.685678613293173
2026-03-12 23:50:00,P-01,86.47572666496023,50.17767963767774,312.51128275648847,81.21383328871593,3.7974951294208656
2026-03-12 23:50:00,P-02,88.71005925663322,48.464047573575534,449.76794719530903,125.82624504361955,1.4221117939148613
2026-03-12 23:50:00,P-03,88.62370879332398,54.68303686244491,501.07823025650936,122.30591358697174,1.570338098098146
2026-03-13 00:00:00,P-01,82.96868984052554,48.95514199640453,301.88143825751456,85.30107744555258,3.563014715876473
2026-03-13 00:00:00,P-02,82.51668905306656,48.89937604921363,448.52989461083024,119.40418833633534,1.7247787468764884
2026-03-13 00:00:00,P-03,87.94658412260539,58.679644235656475,531.97904199386,115.83591863084423,1.661128944974972
2026-03-13 00:10:00,P-01,84.46996170399613,50.16330548541472,302.4780581130853,79.9917421666494,3.453756871722014
2026-03-13 00:10:00,P-02,84.98210449874509,50.4823280679807,445.41466779871337,119.96932324886187,1.5835367648577054
2026-03-13 00:10:00,P-03,82.55101350570112,55.26299575550448,394.8356262681885,123.41908174652251,1.6090065512715503
2026-03-13 00:20:00,P-01,85.10621691246357,50.32624364984313,303.29028665063464,87.80851767019206,3.6430710400644037
2026-03-13 00:20:00,P-02,88.57744677596956,49.14443490995955,452.31167923754344,124.83244641967612,1.5292426137857615
2026-03-13 00:20:00,P-03,83.02237046873843,55.239883835526975,539.6639012363839,120.285995010263,1.6962722513506472
2026-03-13 00:30:00,P-01,85.28590226400331,50.956239468654864,317.14979095993453,83.28111008878153,3.643882003716686
2026-03-13 00:30:00,P-02,84.63178260806367,50.88516542383838,442.7457521872006,126.7011634918831,1.5035808773632382
2026-03-13 00:30:00,P-03,85.13112700442633,38.8444585967753,448.8971122740375,123.45441269149924,1.237096206442006
2026-03-13 00:40:00,P-01,84.51308790944908,48.793632466736405,449.00098010034617,114.17596328316108,1.4116272957370186
2026-03-13 00:40:00,P-02,86.21881469734465,50.94861786144295,449.8409810764259,120.79243167181343,1.5528184075525318
2026-03-13 00:40:00,P-03,84.81120520350892,46.47208522340745,318.7637090063966,118.00672189979144,1.2035998218207011
2026-03-13 00:50:00,P-01,85.22630766441324,49.331511470533414,459.0702593719979,119.84293886444648,1.7239864096557382
2026-03-13 00:50:00,P-02,86.56744773261022,50.54995414648729,458.4039273265317,126.08978758888459,1.3296319938251275
2026-03-13 00:50:00,P-03,85.6432281060589,50.15202761577706,391.1456359239245,126.03330255247269,1.4304316207907317
2026-03-13 01:00:00,P-01,84.93142592906318,49.84966183162795,449.5906281618634,117.58445676965295,1.7764666604980655
2026-03-13 01:00:00,P-02,83.46299692069249,49.40169999403356,445.5121265204696,117.54076102232338,1.8996902233778068
2026-03-13 01:00:00,P-03,85.08870490472518,42.2958966407965,410.4612204594273,119.30448134146022,1.525435187707132
2026-03-13 01:10:00,P-01,87.35497210678996,49.872746256021244,448.24457711265813,117.3205500995388,1.637198158698045
2026-03-13 01:10:00,P-02,83.120980307043,48.707211589225096,455.05947962854094,120.29186382126572,1.5052370702887528
2026-03-13 01:10:00,P-03,85.63250611237908,47.5874210222477,553.686903657287,121.75468099325666,1.1686452070376085
2026-03-13 01:20:00,P-01,85.73382546329057,51.93910909350102,447.43267131533446,117.3020737193882,1.5171047762778802
2026-03-13 01:20:00,P-02,85.73333064533499,51.667286516854084,456.6720565005978,114.35686708981305,1.5176886980151467
2026-03-13 01:20:00,P-03,84.74423920082633,39.09359232716957,440.83063242672546,118.1510156565004,1.520469731529443
2026-03-13 01:30:00,P-01,81.1791454437784,48.25904031558487,454.9583500119209,112.81917936837078,1.2900167878993263
2026-03-13 01:30:00,P-02,83.64766761221568,49.867318264359454,453.4937019441882,119.33051275073142,1.3268249732414932
2026-03-13 01:30:00,P-03,89.80656047961682,41.52255200271087,562.1078750809106,120.6391737080284,1.6747004691657672
2026-03-13 01:40:00,P-01,82.48566287606766,49.46292000180701,457.0092852131175,120.04147651191154,1.2356912870060754
2026-03-13 01:40:00,P-02,84.85675760742004,49.49383550866706,452.0915747628566,124.01641461200438,1.5466727178563635
2026-03-13 01:40:00,P-03,84.25665600928139,50.49190821478664,347.63749234870016,118.95831228924122,1.6344873696030902
2026-03-13 01:50:00,P-01,84.99741478248032,49.61706054600794,449.5053184033191,121.96071295303673,1.6650186483847813
2026-03-13 01:50:00,P-02,87.02608929809529,50.72318112371821,450.519589144123,117.09408287102922,1.383410582298599
2026-03-13 01:50:00,P-03,85.00154222166863,50.50988712785116,485.5186290627633,121.18791189468341,1.41640834990017
2026-03-13 02:00:00,P-01,87.35591263002513,49.678046679719394,446.4409919043414,121.11781246894448,1.4795157417763962
2026-03-13 02:00:00,P-02,83.46715830964246,50.49446058527355,453.21254914105054,113.79341830269894,1.774144868309612
2026-03-13 02:00:00,P-03,86.88660406091648,40.19944785984067,587.4039305591025,117.28278088873934,1.6911479025312977
2026-03-13 02:10:00,P-01,85.969096768704,49.78543104649658,440.23447575693086,121.9933135802284,1.3588597814434176
2026-03-13 02:10:00,P-02,84.90100688397114,49.34929797787199,439.0083846613925,119.20632559999868,1.69837161438993
2026-03-13 02:10:00,P-03,85.74252772429408,57.02155192836667,447.9093293032016,121.86220218903334,1.4887135866893733
2026-03-13 02:20:00,P-01,84.63399885947761,50.49039779980979,445.62824490311385,123.42567964437086,1.6336545530317619
2026-03-13 02:20:00,P-02,86.46579836907529,51.37883879702572,447.5105962878196,117.22940494033034,1.5021404704871129
2026-03-13 02:20:00,P-03,82.53841665355345,40.58858360512368,455.2080178944899,118.35789875898315,1.3380921911453418
2026-03-13 02:30:00,P-01,84.61818241744902,49.37080828967277,446.6989252128538,116.01285675984684,1.641668304951761
2026-03-13 02:30:00,P-02,83.46873406656734,49.87433783052025,452.4762369264941,119.11059009454746,1.4008687617218039
2026-03-13 02:30:00,P-03,85.70062517155793,49.114783357794835,417.1747552227979,122.72398896675728,1.3485622622134261
2026-03-13 02:40:00,P-01,84.50660467338245,49.87972062538023,456.44759618740693,120.52683995634992,1.455773625147619
2026-03-13 02:40:00,P-02,83.87901330307457,51.257000882163645,449.2321829767417,115.93591107533992,1.6137788681246032
2026-03-13 02:40:00,P-03,83.38170972365265,63.06042317557836,501.7313418593369,120.92629988033629,2.0053614690829344
2026-03-13 02:50:00,P-01,87.74641091525825,51.19140256552296,452.1607255860423,123.5851390503415,1.505548234139551
2026-03-13 02:50:00,P-02,89.1364566313067,50.38821022597255,449.92033557268456,117.98366237393218,1.3810375066093004
2026-03-13 02:50:00,P-03,86.6382671386477,53.27576973392225,351.4419474558953,117.20125971843335,1.8789375866630262
2026-03-13 03:00:00,P-01,85.17030885720489,49.06944992984293,448.57181995978993,122.14310466783797,2.163966493656357
2026-03-13 03:00:00,P-02,85.48925197955285,49.574946769818986,454.0823561541341,116.84089747637879,1.3550235477478052
2026-03-13 03:00:00,P-03,84.29872697578074,55.14600579304923,369.4472776780634,119.17201484227238,1.2077440585144164
2026-03-13 03:10:00,P-01,88.1169556065679,52.06367252467279,453.9969721750389,122.62635565782765,1.906224135105832
2026-03-13 03:10:00,P-02,85.87366952894301,49.90759397076545,454.06221092032513,120.81149203077567,1.3561430211605578
2026-03-13 03:10:00,P-03,87.35523346666534,46.796530713964955,327.0633730322427,122.86392775376372,1.7296402960575803
2026-03-13 03:20:00,P-01,81.25543998544885,48.89455895705692,443.16297986110567,113.20564863730783,1.696120021048921
2026-03-13 03:20:00,P-02,84.83010148202658,51.22717303932483,446.1603160897316,119.71201044799714,1.604794003312374
2026-03-13 03:20:00,P-03,83.87140432744201,63.21818428188945,363.2691075209444,118.14977140668442,1.6241413876584925
2026-03-13 03:30:00,P-01,84.29490118281852,49.61891234940375,448.5582682322595,119.2049953355797,1.8090326078716839
2026-03-13 03:30:00,P-02,82.67155186729516,48.780188670029645,439.1657251318444,122.09819452185313,1.3882887477682095
2026-03-13 03:30:00,P-03,85.48838837295318,32.46817162333678,433.4503097164675,115.26422343003223,1.6690898757217276
2026-03-13 03:40:00,P-01,84.14874711728795,49.40762501216164,447.82776087964777,119.9518220047268,1.557368755200009
2026-03-13 03:40:00,P-02,86.92336419872485,50.23037195479075,449.38720262494434,122.84675327742819,1.4877995139484277
2026-03-13 03:40:00,P-03,85.13137825057753,61.31021990069985,384.09106502387056,115.34765637756117,1.471166742265254
2026-03-13 03:50:00,P-01,87.4933475779003,49.79705972722315,446.34941184329494,120.0908157027129,1.5462570710284373
2026-03-13 03:50:00,P-02,83.42810399981738,49.28377719316269,453.28312222609054,116.45528836308691,1.6855773249112398
2026-03-13 03:50:00,P-03,85.58784258015129,44.27365999678134,455.6002933641505,122.28305186390156,1.259479795975297
2026-03-13 04:00:00,P-01,84.07795764311275,50.48141948366688,452.2882439409513,118.6103776135497,1.3915109446318903
2026-03-13 04:00:00,P-02,86.69078042741081,48.930914870153586,458.04894155573834,121.09921876831535,1.5629427698482712
2026-03-13 04:00:00,P-03,84.97564643022662,57.32096233995573,611.3917810877642,116.98536995174177,1.641255187498136
2026-03-13 04:10:00,P-01,80.21110326467262,50.857613808786866,456.67794480908884,118.44097043235158,1.1670450565875086
2026-03-13 04:10:00,P-02,82.46816101863234,50.78402657681986,445.9051290623884,117.1010623643933,1.3954017354327395
2026-03-13 04:10:00,P-03,87.07319037508366,53.62009643235827,356.63710128229945,121.61429699586097,1.6621634576264108
2026-03-13 04:20:00,P-01,88.13089880610717,49.74948425042557,450.89346662336317,117.84042235884027,1.3212885381895498
2026-03-13 04:20:00,P-02,81.58839274391809,47.963517189392995,445.87489284407576,115.37284132967294,1.2638504035546552
2026-03-13 04:20:00,P-03,85.99169228216938,37.99360789518207,477.06463852108834,120.63416364959369,1.5066458588354372
2026-03-13 04:30:00,P-01,85.39702186575511,48.7933865896725,450.5929242322217,116.55965590621679,1.4941447083367556
2026-03-13 04:30:00,P-02,83.81430692250903,49.153856109349,454.47223112530406,123.66749002334313,1.8631344784011181
2026-03-13 04:30:00,P-03,84.71228314619428,38.65389955164814,483.0492167188711,117.41587515287134,1.7767566804781207
2026-03-13 04:40:00,P-01,82.703096134732,50.86912540424745,456.56073925448305,123.35763891215996,1.7932909094967944
2026-03-13 04:40:00,P-02,87.89412183898209,49.19068546841834,450.1841994336605,116.41400563059851,1.239101108839475
2026-03-13 04:40:00,P-03,89.777311376259,48.86906042471018,480.3721172776456,123.96013976865632,1.952401295665283
2026-03-13 04:50:00,P-01,85.12620282926538,48.82241541672723,445.28744958747575,117.593521439369,1.681007016233673
2026-03-13 04:50:00,P-02,85.40848875705305,48.11856958341099,446.9984502802013,124.17358608990503,1.484005023972284
2026-03-13 04:50:00,P-03,85.73970447869239,63.27199959787823,562.0615360717997,118.90226364382784,1.7488997168333973
2026-03-13 05:00:00,P-01,84.31731929639245,49.126352750953565,451.8861960094074,119.48047534215874,1.6358261729524968
2026-03-13 05:00:00,P-02,85.4462842351458,49.55229877659089,449.8287683528843,122.15228339632401,1.214636122821532
2026-03-13 05:00:00,P-03,86.00298193704508,38.76510689406269,380.2896828682169,123.30995872632751,2.002795701410119
2026-03-13 05:10:00,P-01,82.358195197119,49.888211110135686,448.8663575337753,116.0271005535779,1.7283460202643408
2026-03-13 05:10:00,P-02,84.3951028990313,49.57842067870794,445.4986156931239,121.80084579454895,1.143437869893584
2026-03-13 05:10:00,P-03,84.25725238606726,47.445039435584484,625.6563394593694,111.93167250724208,1.6724459068795976
2026-03-13 05:20:00,P-01,84.93711124598168,50.1422608411083,443.3816929239929,116.18336742576619,1.481789054067069
2026-03-13 05:20:00,P-02,83.50293443669311,48.813083805587716,450.59265224844216,118.50305691040751,0.9543930921337295
2026-03-13 05:20:00,P-03,83.22096918025898,62.42437792902858,397.7669496585806,123.28426025392022,1.3538893844247022
2026-03-13 05:30:00,P-01,83.50138677483831,48.62173624795963,450.8218411428465,117.44626180561583,1.3645079601753767
2026-03-13 05:30:00,P-02,82.4132302103962,50.685657492545594,446.7368900052699,119.50572543915976,1.6712882548354213
2026-03-13 05:30:00,P-03,84.32762419165407,53.43223115585873,393.68762137897534,120.97942198815981,1.7412455593082359
2026-03-13 05:40:00,P-01,85.92972412885955,51.47468992468778,447.0596932773641,119.96847677589301,1.3867927635316832
2026-03-13 05:40:00,P-02,81.53982196360879,50.729324130985304,453.7907977588216,117.85255209232501,1.7179125996627105
2026-03-13 05:40:00,P-03,81.26617098650814,46.46835558649644,519.6435418518447,120.51685875488786,1.7916312354571384
2026-03-13 05:50:00,P-01,84.1898130388081,50.3838136602923,451.0073619599977,119.72466559315544,1.5630960575814807
2026-03-13 05:50:00,P-02,87.90137091141862,50.823068610849326,462.4459317798857,123.79996297805926,1.5954906919134517
2026-03-13 05:50:00,P-03,80.48086430338482,62.9396986230477,531.8335663598731,118.3073610225752,1.5157462575704852
2026-03-13 06:00:00,P-01,86.00518449194168,48.97658819759006,449.19367059868404,124.60216985334321,1.568064279704575
2026-03-13 06:00:00,P-02,83.17704076937947,50.35568532647135,454.70478037483593,112.7574281652998,1.4778090768236165
2026-03-13 06:00:00,P-03,85.50329039558508,57.85814751499271,631.9810305638963,121.12288755371767,1.4749410745365787
2026-03-13 06:10:00,P-01,81.2134400023822,50.43965210988023,447.86021303198316,115.57729987320711,1.5321422848281698
2026-03-13 06:10:00,P-02,84.05151586416409,49.6131379101257,453.4685615170152,118.33380900357285,1.6234110212549833
2026-03-13 06:10:00,P-03,85.808712749645,50.76645947887184,529.0708035700786,116.226033292553,1.418742485916407
2026-03-13 06:20:00,P-01,82.56643086436243,49.63661510511106,445.89213969906984,118.49079199388218,1.4284247423289913
2026-03-13 06:20:00,P-02,81.63798676774073,51.36335952148705,445.2808735728598,123.03519954051076,1.0990929167221355
2026-03-13 06:20:00,P-03,86.06882350982555,41.696623396140446,312.6022151744439,124.89711655101522,1.3155757156669865
2026-03-13 06:30:00,P-01,83.29295490654175,50.88026703345975,455.9038787236296,123.60796773697018,1.5670053456736714
2026-03-13 06:30:00,P-02,84.47597484820632,48.22542974339645,440.12559130665926,118.3052745968685,1.6590033167197848
2026-03-13 06:30:00,P-03,86.11642833989912,44.3144574756906,570.8513124493612,118.8531089420044,1.3823984019603375
2026-03-13 06:40:00,P-01,85.06053351951806,48.88846049568683,449.3022322278686,119.30460932259298,1.4708332770008548
2026-03-13 06:40:00,P-02,82.89054027904739,48.369073390217864,445.75947071393045,121.55996871401157,1.5066515571465953
2026-03-13 06:40:00,P-03,86.65655197026179,42.328836724708054,578.655044768622,115.43961743820786,1.531316559812539
2026-03-13 06:50:00,P-01,90.64105837576071,50.61224947725158,451.1280445384174,121.41391682835338,1.7060709516005303
2026-03-13 06:50:00,P-02,84.31730363644569,51.88396461755657,448.4576525187521,123.50418947101144,1.949433468903527
2026-03-13 06:50:00,P-03,84.85321750167927,51.062068405204506,329.8921959772291,113.0882178913087,1.7325396600298892
2026-03-13 07:00:00,P-01,87.18638304252478,50.00129673816269,456.8333983330838,116.21061648910491,1.3681141413457758
2026-03-13 07:00:00,P-02,85.76478988504694,50.69346423745083,454.3299554906106,123.13405706453474,1.6551059089585605
2026-03-13 07:00:00,P-03,86.80593388991699,52.39817072280441,376.484092659738,117.16628772361054,1.4432384210337805
2026-03-13 07:10:00,P-01,81.61542278484745,50.168025175803386,453.16614699945274,118.155107515097,1.3356573001438465
2026-03-13 07:10:00,P-02,84.56393238486835,50.355301931156745,445.368706219497,125.551627555598,1.6462068073925942
2026-03-13 07:10:00,P-03,84.59131747293915,44.62492741181516,356.87986493059384,116.51910529567162,1.5309039001906988
2026-03-13 07:20:00,P-01,85.17262576836185,49.32729765130752,451.0704099522952,122.6379161515748,1.8129031676616383
2026-03-13 07:20:00,P-02,83.37014192819929,49.977054911158085,443.0726463848004,118.74361198179436,1.2606383280732376
2026-03-13 07:20:00,P-03,83.28826030859936,49.330176362160834,431.2552524036523,115.96865558158143,1.398251125491316
2026-03-13 07:30:00,P-01,85.01002460436642,49.545698215735555,447.3313499334324,124.84451165528057,1.8740890243329
2026-03-13 07:30:00,P-02,89.30310264857569,46.97773562038519,448.48911837995377,116.32060634875147,1.3961366191193294
2026-03-13 07:30:00,P-03,89.41684717571917,44.563965405308544,469.950644075908,119.58546315356541,2.0029896484115803
2026-03-13 07:40:00,P-01,85.19560805831026,50.7435523293595,449.8356879702854,119.5575892859587,1.4688546931381719
2026-03-13 07:40:00,P-02,86.0995375000099,50.108677607319486,449.52059956722,120.52255302582108,1.22060111963833
2026-03-13 07:40:00,P-03,86.09717609022411,39.21776135523327,536.8025304886704,117.62834047429865,1.6232336582313307
2026-03-13 07:50:00,P-01,88.22369753457596,50.43337972428138,459.86392302731196,120.68720334884304,1.4579481289871048
2026-03-13 07:50:00,P-02,88.79372297569275,50.25879459910874,441.96293747934607,121.07090155817647,1.6451148318296762
2026-03-13 07:50:00,P-03,88.39946749034667,53.63820785786215,624.3335177676429,118.61687561014296,1.2799766684404055
2026-03-13 08:00:00,P-01,84.62495606390766,51.151877135819646,459.2853231656021,123.38497243513486,1.6954992906988473
2026-03-13 08:00:00,P-02,84.82090374977055,50.591195093794,443.95515150332017,121.17342442625763,1.6790544999950803
2026-03-13 08:00:00,P-03,83.01772309343792,52.13752935352379,415.31144542976267,121.69169705920991,1.7293567529877787
2026-03-13 08:10:00,P-01,82.47439269381056,48.498726917609964,450.2114959780134,117.76835453602236,1.319919092804204
2026-03-13 08:10:00,P-02,85.846731986882,49.55986607758116,453.85224711735805,127.15963018766044,1.1266393977157187
2026-03-13 08:10:00,P-03,83.54757921455924,65.16408921005029,354.25490050655577,118.46357491120835,1.2632084404631743
2026-03-13 08:20:00,P-01,81.60684474558776,50.45076096162671,450.2436443149965,120.24837867717706,1.6534442470931592
2026-03-13 08:20:00,P-02,87.34377394883832,49.24712182071744,445.42545508278937,117.67727074448275,1.6638295095662277
2026-03-13 08:20:00,P-03,83.270495363051,42.935394065310916,645.7560820541937,123.55750016895183,1.2295395562853468
2026-03-13 08:30:00,P-01,83.22373188753123,49.9576565512863,455.25600142023404,112.44529260005908,1.6445726277905865
2026-03-13 08:30:00,P-02,82.10946322119027,50.42027202249302,453.8566585226265,120.34312628960403,1.4347898728129092
2026-03-13 08:30:00,P-03,85.73143252433623,59.114129057477854,504.3292937888462,123.44081612217924,1.4678523498280787
2026-03-13 08:40:00,P-01,86.1459832391895,49.85098816147524,444.4636846473592,118.55760552483109,1.8119164296543262
2026-03-13 08:40:00,P-02,83.77086932106904,49.975080573329485,444.8713483705914,117.9574619845192,1.3213323745711503
2026-03-13 08:40:00,P-03,83.58631504578982,35.60162760029345,427.4250723490505,117.84853667746427,1.2020194939840922
2026-03-13 08:50:00,P-01,84.39699006144095,50.446776309937405,451.14622277754466,120.18301119913961,1.1717473638673757
2026-03-13 08:50:00,P-02,84.09070064784261,49.46380082033342,448.98754334789714,125.7870850922476,1.6654090227019571
2026-03-13 08:50:00,P-03,81.72356712625071,33.416000581903766,388.7409662460888,120.26914934582406,1.2297685330107848
2026-03-13 09:00:00,P-01,85.888907694492,50.04774243755497,445.55894077465916,122.02285872416117,1.61262601496135
2026-03-13 09:00:00,P-02,85.6383093422544,50.723849102136604,444.38573492628984,120.63641200936772,1.7013356970084028
2026-03-13 09:00:00,P-03,85.73192179527116,60.60736244224664,437.43075917239986,118.06041263657744,1.4383320208567616
2026-03-13 09:10:00,P-01,83.06881166591842,49.91053436840781,452.10409175284707,120.66015199969819,1.4047052275850136
2026-03-13 09:10:00,P-02,84.85761354176131,49.70580807704848,455.00236547344224,121.40586488188085,1.4956968933260613
2026-03-13 09:10:00,P-03,85.20226816128122,83.34618402030814,530.6722348208281,131.1535380793556,1.3754377463165954
2026-03-13 09:20:00,P-01,81.73431261678172,49.20859470784771,461.8499253893976,121.4225619583799,1.5653004883518404
2026-03-13 09:20:00,P-02,86.2820126812129,49.41725997711508,450.1677731147318,119.46293396208874,1.6175383814244235
2026-03-13 09:20:00,P-03,86.21805750408271,36.53300143843939,480.6399736235314,121.70034090604887,1.067409569153605
2026-03-13 09:30:00,P-01,87.791830365603,49.59964381423102,443.08248695819054,117.03449656372084,1.064603288008707
2026-03-13 09:30:00,P-02,86.01058911027067,49.78736474346505,445.99654947302645,122.7830963715554,1.6233402391897385
2026-03-13 09:30:00,P-03,87.63281347829302,70.6708044120662,533.1634569027132,119.2382664954607,1.7065480162392903
2026-03-13 09:40:00,P-01,83.98365908110792,50.74281325829949,460.15100539109085,120.86086803012337,1.7985513676455813
2026-03-13 09:40:00,P-02,82.81820683674117,49.11209496547715,455.4402736081298,118.82258062656356,1.4433860720019216
2026-03-13 09:40:00,P-03,89.18825208610694,60.21908014422498,332.00555964211713,122.77037346835472,1.1893637348772912
2026-03-13 09:50:00,P-01,83.16414528713888,50.486414738654204,443.6213629671241,123.90885517303074,1.6633285713043073
2026-03-13 09:50:00,P-02,83.79951895233583,50.207025881779636,440.41491987148373,129.90082420008838,1.169684122255215
2026-03-13 09:50:00,P-03,85.38797421513664,69.5514733300869,470.22857990600016,119.44840386392947,1.1775966199711054
2026-03-13 10:00:00,P-01,83.32478857085741,49.72386517227395,452.6339518137112,118.56080991924188,1.3764961026587017
2026-03-13 10:00:00,P-02,85.62951338286015,49.13131787189173,452.3505900101354,120.67592550623152,1.533555092155766
2026-03-13 10:00:00,P-03,82.66846543873123,50.15734738415292,508.9672678727118,116.89039077189615,1.4071843226046021
2026-03-13 10:10:00,P-01,82.14611715300144,49.10528466035987,441.9237302543468,122.9703418888147,1.2766796469520234
2026-03-13 10:10:00,P-02,82.41277282526227,49.07263464798362,456.9230690875296,121.24434522308377,1.8439145995594612
2026-03-13 10:10:00,P-03,87.14960184132624,47.19270200923977,522.3419212387258,121.28500289247738,1.577786249611875
2026-03-13 10:20:00,P-01,84.4720526067361,50.700716260505075,450.7892140615733,121.43319782054762,1.4253198622710501
2026-03-13 10:20:00,P-02,85.17358700304496,49.57209308974619,452.6046244371504,121.1535537616813,1.7245846568845635
2026-03-13 10:20:00,P-03,84.44738581446391,46.25532892013327,456.68910624535084,122.08970168089456,1.18110379606446
2026-03-13 10:30:00,P-01,84.94724000413909,49.70504877131672,449.24034631702216,117.46127763285808,1.3652844604977037
2026-03-13 10:30:00,P-02,87.3939366877974,49.312485182902286,452.2840630543425,120.04610356099846,1.236891541256864
2026-03-13 10:30:00,P-03,89.0766202346273,49.62599888613746,627.994065544434,118.80467490452196,1.4809968683885835
2026-03-13 10:40:00,P-01,84.79809017770134,49.43614591662033,449.36478255837494,117.78697212714569,1.371252590749473
2026-03-13 10:40:00,P-02,84.46389092374976,50.4382869370282,448.025649227005,121.49440044599102,1.0567878690861314
2026-03-13 10:40:00,P-03,83.27963320280845,35.92055116170295,440.1149334715234,119.4910337322504,1.7335063572749594
2026-03-13 10:50:00,P-01,86.043662340866,49.81385138747426,457.0369295819381,122.08180986595421,1.5224391891401468
2026-03-13 10:50:00,P-02,85.61813638235233,49.85648883949635,446.1038987837836,122.6933301914748,1.5059344922285194
2026-03-13 10:50:00,P-03,85.8545414125958,51.50262963996772,590.9934740537865,115.8551218229213,1.5589468589898474
2026-03-13 11:00:00,P-01,82.07764830858441,51.610271548105175,455.48671725602054,123.55854118021715,1.5422129824593656
2026-03-13 11:00:00,P-02,83.47242709493152,48.212183990191804,440.2720170543227,116.08729976672065,1.2892467752647052
2026-03-13 11:00:00,P-03,85.42747314840068,64.54173617230352,491.8236797189073,117.55546704676738,1.3735266646975797
2026-03-13 11:10:00,P-01,84.76735834094092,51.392889440911915,450.52365921871206,119.64010946802411,1.6434465464415178
2026-03-13 11:10:00,P-02,87.03036916078453,49.983558485857266,442.77050063934985,121.33414399553432,1.5296675827901742
2026-03-13 11:10:00,P-03,87.26083483012499,58.109881401930814,535.8930308312505,121.65278016058672,1.553978722249213
2026-03-13 11:20:00,P-01,79.85036828944756,48.40959671793125,443.1713527855154,124.00612076551414,1.6601454234863358
2026-03-13 11:20:00,P-02,82.86052441405054,51.06030299147938,448.6228045626832,120.27026584647378,1.6518184513250511
2026-03-13 11:20:00,P-03,84.3656159224271,26.148900916715448,506.82245710881114,119.1751334939145,1.85179705515748
2026-03-13 11:30:00,P-01,87.2923122926079,50.47882138421333,452.5589207639629,118.35060071777912,1.2833019738389173
2026-03-13 11:30:00,P-02,84.6856111148198,50.27004838578775,445.12449680702855,119.64236163748772,1.7618849921688289
2026-03-13 11:30:00,P-03,88.3610377133336,55.204994901551274,387.6379387802666,123.06471280521816,1.4812616934921459
2026-03-13 11:40:00,P-01,82.14196559974529,49.819952736939676,450.7950633993527,115.3351110443946,1.6736512438854656
2026-03-13 11:40:00,P-02,83.35702768403442,49.38871460230872,448.2973449098617,120.74215859346306,1.5774855651447446
2026-03-13 11:40:00,P-03,84.56133443878045,47.08952910298913,425.56800616889836,125.51443127794916,1.5860987829749276
2026-03-13 11:50:00,P-01,84.24813460244113,48.69491304540283,452.43875570602177,117.64710099434721,1.631404887893863
2026-03-13 11:50:00,P-02,84.55037566521958,51.11178252784421,449.43967379522803,122.13146285062854,1.3120931518119947
2026-03-13 11:50:00,P-03,80.33386594718957,45.10241497355494,327.9039216072131,121.65930802570551,1.606406933713808
2026-03-13 12:00:00,P-01,82.75441409493925,51.123797167125616,455.80338635743834,120.13009462264066,1.3706062756749726
2026-03-13 12:00:00,P-02,82.87316351111615,50.24672246281244,441.3236941662873,120.12817982500701,1.4320766099379083
2026-03-13 12:00:00,P-03,86.57215376514024,64.40633110690959,439.690952057349,119.5172825082587,1.2874060698779777
2026-03-13 12:10:00,P-01,86.07429224791981,50.14211009008763,448.0938466364538,118.90000294707427,1.8012913158508197
2026-03-13 12:10:00,P-02,85.58217759232788,49.52924406190889,447.91755732386537,124.1681201584237,1.8399343696467005
2026-03-13 12:10:00,P-03,82.58899591423648,60.40494820572116,495.3714428990892,117.30549653804411,1.6917060362992742
2026-03-13 12:20:00,P-01,90.00647979253245,47.978697312724044,447.65626030418144,115.76156198601224,1.5164272674028878
2026-03-13 12:20:00,P-02,86.1407885102475,49.77599213462061,453.50503902954205,118.9395092043428,1.7322431228463173
2026-03-13 12:20:00,P-03,89.92455632153995,43.23869105325689,372.8463462354171,116.68068173524333,1.408918241439023
2026-03-13 12:30:00,P-01,83.76490522503273,51.21968459998058,447.33187894656817,116.97843349550169,1.6783090771776974
2026-03-13 12:30:00,P-02,82.40029047270167,47.60148635646649,447.9971642733863,126.59902582959336,1.3391378872149837
2026-03-13 12:30:00,P-03,81.15479764694516,61.891248816792825,412.324870991453,121.46885864698052,1.5581198817754958
2026-03-13 12:40:00,P-01,83.98749697088061,47.84042633236416,450.08358670970944,120.37809318458906,1.452625213731878
2026-03-13 12:40:00,P-02,83.53630013689619,48.995735462350545,439.57182361891785,118.86461471715862,1.5741205729305239
2026-03-13 12:40:00,P-03,83.50996401353794,45.13802945874667,378.28468251597644,111.47652763532092,1.4907644571198964
2026-03-13 12:50:00,P-01,85.9316197817371,49.14505528690198,451.31442173483737,122.90393120438917,1.354468618421916
2026-03-13 12:50:00,P-02,87.51110810803796,50.444092827815304,447.0463812342625,120.14907768115621,1.5748943072779173
2026-03-13 12:50:00,P-03,82.29797745176595,63.39252504233888,604.653794618829,123.3855637430758,1.7045173471193076
2026-03-13 13:00:00,P-01,83.71029940683565,50.73896319132864,456.1750775473138,127.10873449806608,1.8880123806120501
2026-03-13 13:00:00,P-02,83.03658377519531,49.50581992500329,453.5432078222052,121.87874070508461,1.6457537402608267
2026-03-13 13:00:00,P-03,88.28223202339835,50.061979180519415,366.7272633320723,121.62964397016964,1.2905777294407388
2026-03-13 13:10:00,P-01,83.95044257276024,51.16813296488579,446.56823678066735,115.55415640435415,1.579075439134984
2026-03-13 13:10:00,P-02,86.42317435233963,50.19007081267392,446.09081349851095,123.22943636777724,1.0065381633758443
2026-03-13 13:10:00,P-03,82.51050594794404,51.650908003871066,305.46365869519315,118.36711161143533,1.634824738138784
2026-03-13 13:20:00,P-01,84.38234981669582,48.6661169446533,445.6206706651505,118.6846900607042,1.172395208620456
2026-03-13 13:20:00,P-02,87.1217518449696,51.36887791700181,450.1802172855005,112.69101010713055,1.7338576650452742
2026-03-13 13:20:00,P-03,86.16194267648785,47.36805430793233,427.5084178454099,116.24487287502188,1.3317643151874843
2026-03-13 13:30:00,P-01,84.41499175218668,50.217208258359356,452.3832977227845,116.81854082164467,1.4565046708022584
2026-03-13 13:30:00,P-02,85.58303224378172,51.92181527003084,447.995464041553,121.0780811340365,1.3464183273822186
2026-03-13 13:30:00,P-03,86.96734063681515,32.852107072754904,419.83634031327045,122.53431236713396,1.4294527958617922
2026-03-13 13:40:00,P-01,87.15232823686411,51.776302690342014,450.6985154416121,119.72210429163992,1.507630235924381
2026-03-13 13:40:00,P-02,85.52596601807969,49.10595721137612,451.48646380415204,123.69118929011711,1.6264253096136732
2026-03-13 13:40:00,P-03,84.13650524982317,52.457330421972095,439.2857311912651,124.1120468026832,1.5097831975946636
2026-03-13 13:50:00,P-01,86.90010460035083,49.74752436815586,445.9763830139039,120.46768706457908,1.3292749316880876
2026-03-13 13:50:00,P-02,83.95360774230339,51.320416910614995,454.32676715281605,116.25429820316253,1.4573162271378461
2026-03-13 13:50:00,P-03,85.82864073536035,57.95590303391623,376.79512498962816,119.84418294968476,1.6096021048543685
2026-03-13 14:00:00,P-01,84.39754909974799,50.38551758675748,447.89185587956996,126.54972244941878,1.4821855924567142
2026-03-13 14:00:00,P-02,82.92866378946324,48.80991076639879,458.4388586385444,124.46200180190742,1.1331386435845365
2026-03-13 14:00:00,P-03,82.29343695116162,40.914521538231156,343.381827871207,112.52774052668849,1.4679856476741886
2026-03-13 14:10:00,P-01,86.4628880408442,50.46581447337424,441.3572736449301,117.524796953756,1.3767597630140325
2026-03-13 14:10:00,P-02,82.86912207317752,50.46152821262906,456.0114716857726,123.05937203722706,1.493767401488724
2026-03-13 14:10:00,P-03,82.71556063103873,45.78324835869721,470.51657318054777,120.81539894717253,1.4472139688191472
2026-03-13 14:20:00,P-01,87.54130453762771,51.91831832461814,448.0473717638963,120.31519961292119,1.619173646732849
2026-03-13 14:20:00,P-02,85.54027188364061,50.7795921131258,448.7635351736863,122.02215360541922,1.2686180482833451
2026-03-13 14:20:00,P-03,87.60615435584977,51.52187144412348,317.7874840444786,119.8651637765101,1.5483498672543354
2026-03-13 14:30:00,P-01,83.34633269322487,49.32015690476678,449.05593994415887,125.04991823788383,1.0448775994704795
2026-03-13 14:30:00,P-02,88.07252251566003,49.51547448781272,443.63693690581584,117.64093327482524,1.5808330114828317
2026-03-13 14:30:00,P-03,83.40918004325306,48.794523960681936,422.3444173499671,121.46343830527128,1.2596261518464302
2026-03-13 14:40:00,P-01,82.39424506476297,50.19247568943205,445.69458003411376,123.35799866286328,1.237175214296646
2026-03-13 14:40:00,P-02,83.25327228824686,49.500033686290216,448.05155475712155,119.67984891890788,1.1187569272464248
2026-03-13 14:40:00,P-03,84.05684662652553,41.79569064642052,534.6085397184884,121.93340017617894,1.7200711523396226
2026-03-13 14:50:00,P-01,82.64188499670738,48.80748888963792,457.2278770369305,117.74225866534918,1.863124274283318
2026-03-13 14:50:00,P-02,83.90307172019139,50.74411384398998,445.33196542395774,114.41696822353765,1.232995245143039
2026-03-13 14:50:00,P-03,84.47673629467299,62.06263266789246,434.44681639157614,121.29697841289392,1.6265722126508735
2026-03-13 15:00:00,P-01,86.03703579379686,48.135374570213465,454.0061073573291,119.2121730441602,1.759299150243665
2026-03-13 15:00:00,P-02,83.18508512624743,48.996536239384845,451.501780479504,116.04840219879127,1.500310014835752
2026-03-13 15:00:00,P-03,86.68268894181742,55.466674117973156,644.25147688218,120.59193867970878,1.3207252065824209
2026-03-13 15:10:00,P-01,87.234790066825,50.46930801400367,454.5467739367123,120.73840145337904,1.354940873142531
2026-03-13 15:10:00,P-02,82.15071246295119,49.57741545744328,449.40624193724324,119.97762805452973,1.4414723889113494
2026-03-13 15:10:00,P-03,85.27595555486673,45.87733357964729,426.40356964762606,119.96685176691074,1.4365779653857227
2026-03-13 15:20:00,P-01,86.0354228247085,49.85489733690142,451.684539392321,124.0884838609509,1.4649444119603823
2026-03-13 15:20:00,P-02,85.36531180715855,49.90805232485042,450.1025750882139,116.06379701362998,1.3818795701602893
2026-03-13 15:20:00,P-03,85.74574841359855,50.59934982504139,372.47161707778935,120.03101659820761,1.4303107075083923
2026-03-13 15:30:00,P-01,80.16311047004564,49.76686546865909,443.60363806156647,120.85413889967532,1.1901423277601166
2026-03-13 15:30:00,P-02,88.91107506956257,51.58815397978796,451.36118865793196,116.95319411052012,1.7880306383986777
2026-03-13 15:30:00,P-03,83.02385957450099,52.07588689212792,455.22177971058215,117.75092928120905,1.6109630585989525
2026-03-13 15:40:00,P-01,86.722372010046,49.75974579048331,456.43014864921236,120.75326375435722,1.6857361733839045
2026-03-13 15:40:00,P-02,87.76347656908318,50.906027675372826,456.1839309499713,118.47200736858296,1.776608171567935
2026-03-13 15:40:00,P-03,83.86987982293792,41.50661601093117,573.5601000655415,118.63749834953003,1.5719063388881882
2026-03-13 15:50:00,P-01,86.05096956668343,50.95273663853551,448.61495230800233,119.759344788062,1.5190331856565382
2026-03-13 15:50:00,P-02,84.96341569920267,48.19726112505441,440.1246896746717,122.48374527208202,1.4169956797616654
2026-03-13 15:50:00,P-03,83.18324670181863,44.63850322945827,401.4323471387289,124.35110138436987,1.7731347322376636
2026-03-13 16:00:00,P-01,82.87230841452553,49.80090631525071,455.99645023978286,116.77804110861587,1.69598225988414
2026-03-13 16:00:00,P-02,85.283372146776,51.168217711440086,453.14258255313564,117.45158375454702,1.6653503840621733
2026-03-13 16:00:00,P-03,83.62456184043751,58.43867083666616,544.1800575098163,117.08879922948007,1.4714704426287657
2026-03-13 16:10:00,P-01,83.93884646325414,49.97485013610149,454.30001958222465,119.21848638814444,1.65660202057725
2026-03-13 16:10:00,P-02,88.7202451067788,49.90770261547118,447.38680164710405,114.810497108941,1.6397891932287871
2026-03-13 16:10:00,P-03,83.26106444420802,48.43287347135647,718.165281578512,119.18513539230521,1.6357507118464505
2026-03-13 16:20:00,P-01,87.15633592642257,51.09946755877545,448.2338435057648,114.2563410382228,1.4229226955802723
2026-03-13 16:20:00,P-02,84.82597731750562,49.18322053004376,445.4416945729335,122.62447735777853,1.2154517303207126
2026-03-13 16:20:00,P-03,84.97201402641652,45.371205974667184,492.2097778908657,119.14878164513124,1.5218200493465959
2026-03-13 16:30:00,P-01,84.62542164436766,49.45665364974093,446.94062052187036,120.85453920009134,1.476286837265561
2026-03-13 16:30:00,P-02,83.20441493604103,51.02742395061566,447.7432624400493,122.66935906160064,1.64743108129483
2026-03-13 16:30:00,P-03,83.54068791514881,46.235775375373294,612.9026565594536,121.12989447356452,1.652692123099101
2026-03-13 16:40:00,P-01,87.41265072295867,49.251292001627554,447.1201709850037,118.189368920841,1.2742168489900654
2026-03-13 16:40:00,P-02,87.2886085840971,49.33587572642963,450.8984400986143,122.83912573354483,1.807715621505744
2026-03-13 16:40:00,P-03,85.50451869181637,46.28619455203318,377.7825457681701,120.2005830504669,1.363732735641866
2026-03-13 16:50:00,P-01,82.12292943655828,49.92618987564053,442.27295113645965,123.5635635121406,1.2126413108308216
2026-03-13 16:50:00,P-02,83.75029348144874,49.05702446671498,445.98111578729015,116.3835566161534,1.3431199349577492
2026-03-13 16:50:00,P-03,83.09249128974893,51.608356428055096,390.59606233130364,118.16463464586717,1.3432426494919496
2026-03-13 17:00:00,P-01,83.80972451404398,50.057522701580865,446.5777241937621,122.61688156543481,1.3566765966007508
2026-03-13 17:00:00,P-02,84.34637342168374,49.67957779501998,449.74025451593883,119.01310733838092,1.5212514638797316
2026-03-13 17:00:00,P-03,83.30440924102254,50.80374340860994,443.43658243546463,124.16197235133843,1.7112360275365845
2026-03-13 17:10:00,P-01,83.87471806726072,51.02093667859444,441.799789446707,118.29705931559138,1.9229522404116375
2026-03-13 17:10:00,P-02,78.58590520475394,50.876515922820985,446.6695719963582,120.2301686904686,1.6663968579847732
2026-03-13 17:10:00,P-03,81.96530363139081,38.51109033212385,564.9017891346502,124.81900419735388,1.2816235415665822
2026-03-13 17:20:00,P-01,86.6590184190243,48.6938818569677,449.7919454124346,113.76012448518983,1.4443826465278005
2026-03-13 17:20:00,P-02,86.22625179642296,50.503994334823005,448.7844334992516,112.09759818037358,1.4028205559691533
2026-03-13 17:20:00,P-03,84.12650860684623,46.58066545637121,599.9082772404703,123.41378040206992,1.4732840159618008
2026-03-13 17:30:00,P-01,82.94097479551817,50.01271857275723,447.37830123716697,118.90746734937156,1.2566457332946825
2026-03-13 17:30:00,P-02,87.61330605817254,48.387212733982714,442.38552764142537,118.15743594152883,1.3424595184959254
2026-03-13 17:30:00,P-03,85.42269556463164,39.90837625180094,495.6477805774895,120.85524289475235,1.4178345878048937
2026-03-13 17:40:00,P-01,84.40543386863487,51.975981546803006,438.2833490245323,122.43371659260752,1.5046808644885499
2026-03-13 17:40:00,P-02,86.56319402046931,50.09511680262109,452.4886287229054,121.48715098397848,1.7529907726553098
2026-03-13 17:40:00,P-03,85.57433573515449,61.61966768928071,346.55256593720594,123.07286551664035,1.4562833351426958
2026-03-13 17:50:00,P-01,79.51361586565542,49.46543426582287,453.0529310887233,120.77858406376612,1.3595015627202305
2026-03-13 17:50:00,P-02,86.34369324117726,50.19344562253691,458.5301860827082,117.34117796356482,1.28064733794125
2026-03-13 17:50:00,P-03,88.78264327196811,35.496444456005,487.3316464280543,118.08833129590516,1.2686625724124405
2026-03-13 18:00:00,P-01,85.00552695314273,50.98777541916433,450.6691159787849,116.66430594902934,1.1643254459658139
2026-03-13 18:00:00,P-02,89.06540198368737,52.068305309025156,443.85334996159304,118.99495749901904,1.3042270034167478
2026-03-13 18:00:00,P-03,83.1911008943202,46.66017589805619,316.7702078385841,120.3776342016971,1.5105759518509099
2026-03-13 18:10:00,P-01,82.33572024886915,50.40150233291191,441.73771274466327,117.33632575580397,1.158890289150387
2026-03-13 18:10:00,P-02,83.14350268916556,49.26168218566958,449.89361427623834,119.2392038916374,1.464257500802991
2026-03-13 18:10:00,P-03,85.53002996038542,69.62510359677401,330.7655378307197,122.26311888967732,1.3125955762430146
2026-03-13 18:20:00,P-01,89.45595645591362,48.64441716252996,448.5240109306205,119.00712354465465,1.5800204302323433
2026-03-13 18:20:00,P-02,86.17371367331764,48.23720176480709,444.1285585035934,117.72565948222201,1.5041441959066686
2026-03-13 18:20:00,P-03,82.62808724755293,63.89999995154261,442.2164384732662,117.98132732551963,1.7388744658166846
2026-03-13 18:30:00,P-01,84.4912089275982,48.93679390266025,463.72621196765886,115.52516662210468,1.6108950190548983
2026-03-13 18:30:00,P-02,85.36801620095969,48.76895206144903,446.53656054005074,121.75073254685519,1.5991522443706752
2026-03-13 18:30:00,P-03,88.05833862657894,48.15695243001743,554.5454243532364,122.78068742104547,1.648334866870846
2026-03-13 18:40:00,P-01,87.12823317407047,49.26409368681267,452.59836042160083,119.33593218965066,1.368192714734466
2026-03-13 18:40:00,P-02,81.19527987046709,50.93708158764574,463.1474834011065,123.90918142143047,1.4541798400314323
2026-03-13 18:40:00,P-03,81.17569370589703,41.069746740578616,403.526749042896,117.59927626906101,1.4582971591619462
2026-03-13 18:50:00,P-01,86.2874723743552,50.25270252340844,443.1062062041079,114.64780808354043,1.7970519822911808
2026-03-13 18:50:00,P-02,87.96531266410658,49.60754541252494,450.68723834848686,118.21117857704041,1.4239391983571912
2026-03-13 18:50:00,P-03,83.05446952685796,37.68296278333781,445.4451208969008,119.64531509254837,1.4192763743021126
2026-03-13 19:00:00,P-01,86.87460450038195,50.68691873636956,444.8535755992167,121.42918202096145,1.5686734282941577
2026-03-13 19:00:00,P-02,85.96653957875783,49.43454412201568,450.45892278953215,120.37074992299891,1.5172900346125768
2026-03-13 19:00:00,P-03,85.89634177821773,39.14125438465624,602.4450247604713,121.12456570595519,1.3183930945270068
2026-03-13 19:10:00,P-01,87.02494451736854,48.9074687311074,456.5798723134352,120.07964186213583,1.6512009273515762
2026-03-13 19:10:00,P-02,87.30568764938334,50.09150200608173,450.44931450053787,122.84595355826282,1.7842469112063595
2026-03-13 19:10:00,P-03,84.09259055989206,48.67927168225141,416.6859020819518,118.74509132415649,1.6609449557579379
2026-03-13 19:20:00,P-01,84.59759924257632,51.01072784555007,452.9130378136356,118.39967450676924,1.3639140134217587
2026-03-13 19:20:00,P-02,82.75636204437112,50.619403599205086,453.28635997921134,117.63884578131815,1.3149498469664096
2026-03-13 19:20:00,P-03,85.39228097529036,56.77466046438031,470.0583926958874,121.58811835740464,1.6265000345354461
2026-03-13 19:30:00,P-01,85.93615843378645,49.820028608243526,458.03165188618215,118.18827041951803,1.5142600662959524
2026-03-13 19:30:00,P-02,87.8005902017576,50.98155441325619,451.7033545827204,119.95326128930793,1.5672268421467308
2026-03-13 19:30:00,P-03,83.25733983440726,36.79193064114154,435.0335174531534,119.85659943993355,1.4332954064243895
2026-03-13 19:40:00,P-01,85.88259018153994,49.80128304194475,454.51599848285343,120.39932051763304,1.455297460669864
2026-03-13 19:40:00,P-02,85.99398398695922,49.5562134409096,446.12156565313416,119.36226558996302,1.6143261369555686
2026-03-13 19:40:00,P-03,84.74028985368119,62.756122402578875,439.29392786098964,118.83059511840787,1.3243154099493097
2026-03-13 19:50:00,P-01,86.27297432289065,50.89259106495635,450.78206111798005,119.8171314472439,1.3136881871317736
2026-03-13 19:50:00,P-02,80.34211301617626,51.16722582538592,441.0837469964752,116.28361749432186,1.5179360126183654
2026-03-13 19:50:00,P-03,84.96577643106112,48.71770913640942,337.586386856356,122.07430022713466,1.3176453174889926
2026-03-13 20:00:00,P-01,84.70845740836785,50.976338311831945,457.59026521415,122.22836725240326,1.679953097468342
2026-03-13 20:00:00,P-02,86.20998396028665,51.3972524474953,447.3002991852418,118.77933045616454,1.886843779750372
2026-03-13 20:00:00,P-03,83.37216954840598,73.9585524247229,422.9169079962521,116.26955145847379,1.5531966684633227
2026-03-13 20:10:00,P-01,81.71330572027865,50.45012167102468,437.36199847093263,121.31958082124723,1.6136171244431383
2026-03-13 20:10:00,P-02,85.54018881047477,51.07482833927003,445.244370161929,122.67577539798268,1.4364899950428773
2026-03-13 20:10:00,P-03,87.13837483034506,72.236420807045,449.7876655192913,115.83896509998489,1.5297010459643294
2026-03-13 20:20:00,P-01,85.36750838690756,49.638363566173396,453.9392666581698,119.72995647026632,1.265863597545839
2026-03-13 20:20:00,P-02,85.28112695174218,50.90134261717018,449.61004320887787,117.88579205463313,1.6067029609878185
2026-03-13 20:20:00,P-03,87.26237000962655,67.64961018757552,444.260015825547,118.27120941605237,1.356314470915457
2026-03-13 20:30:00,P-01,87.49354338925669,50.736197688587325,450.0345561008126,122.8628569890702,1.480406227576854
2026-03-13 20:30:00,P-02,83.8534175715765,50.13726201873905,456.83691715991364,122.211313932748,2.005055550177811
2026-03-13 20:30:00,P-03,84.20140455262076,78.83885575841774,437.27674600627887,114.15060781060333,1.384068872379898
2026-03-13 20:40:00,P-01,83.43322177164548,49.802880669032305,448.9954781919013,118.85177324924747,1.1911961046517683
2026-03-13 20:40:00,P-02,84.82384465771617,50.53166227369618,439.5466788741877,118.40252306815697,1.197039760209308
2026-03-13 20:40:00,P-03,86.03327735093545,68.93358505195384,401.21895626296293,118.55833448316174,1.7213048287969095
2026-03-13 20:50:00,P-01,88.08522388733144,48.28583746168443,460.0932435638544,123.1898349967099,1.3487035629610522
2026-03-13 20:50:00,P-02,82.68471068808547,50.97105583428318,450.1548144382782,116.69606195545741,1.9858365857449818
2026-03-13 20:50:00,P-03,83.69791104292808,61.173355031442505,351.5401766342133,115.25454061050212,1.7477932994398908
2026-03-13 21:00:00,P-01,83.79925492736804,49.38663881454074,452.84809849616624,122.13747237753192,1.488109189145095
2026-03-13 21:00:00,P-02,83.89406925049124,50.49406980315032,449.25086309250486,121.82092430260428,1.6104275746095942
2026-03-13 21:00:00,P-03,86.15001536029999,54.14801108522441,488.25417062536474,117.69556336907901,1.380266671344238
2026-03-13 21:10:00,P-01,86.19245324153043,49.6022779511577,442.6179489036266,114.96338403282964,1.203773863981601
2026-03-13 21:10:00,P-02,91.47985262723297,49.9782217395588,452.8243321554509,127.1463041085506,1.3576569866960835
2026-03-13 21:10:00,P-03,85.95534292104936,67.47666222814985,470.43683994511747,115.26911021585867,1.8006702454362902
2026-03-13 21:20:00,P-01,82.79917339268341,50.80090569436452,447.2182514525372,119.72725070073626,1.2642278184947202
2026-03-13 21:20:00,P-02,80.909400881039,51.322120583969316,447.5680925548483,114.60898654698465,1.805354350961046
2026-03-13 21:20:00,P-03,84.26372459647521,47.21740958757856,764.2279167854404,112.91693295157427,1.6863269728062145
2026-03-13 21:30:00,P-01,88.11895701408422,50.09988375788483,447.46533786971986,121.46268549142138,1.203930537924014
2026-03-13 21:30:00,P-02,87.71887447505935,50.6730768458028,445.54722821935184,119.85458114932393,1.5941585198103903
2026-03-13 21:30:00,P-03,88.01410699649279,37.672356886634766,483.74358924413747,123.59150250935608,1.548210089756447
2026-03-13 21:40:00,P-01,85.59358191405914,50.233291979357446,451.67800176377744,120.67914419972833,1.4629902455061932
2026-03-13 21:40:00,P-02,85.16984385950391,50.7196773822187,449.9311229688432,122.48740771787533,1.1394794803898938
2026-03-13 21:40:00,P-03,89.1561665561003,56.68193819433325,470.7282012372033,119.93759204266188,1.419618887470118
2026-03-13 21:50:00,P-01,82.13012104732103,49.405416905431984,452.29952042623205,121.75691225421814,0.8959993704869523
2026-03-13 21:50:00,P-02,84.50739346592971,51.919285944323256,454.2062381796653,124.06668500596815,1.4608584426895888
2026-03-13 21:50:00,P-03,84.08376302798358,59.2731919130479,653.2947162777907,120.7787173046935,1.884210726921862
2026-03-13 22:00:00,P-01,87.21914725920645,49.108124000652964,451.2642942804514,122.15398919723052,1.67283270690772
2026-03-13 22:00:00,P-02,83.08798621603167,48.634887479715715,453.062493585212,120.12721714589014,1.7068908725173442
2026-03-13 22:00:00,P-03,83.85660974578617,46.23350560279097,592.6803320235322,118.54290603872201,1.4840147373977006
2026-03-13 22:10:00,P-01,84.42251422222678,48.12726628931449,445.7334392497963,117.30011413015076,1.2080956412587789
2026-03-13 22:10:00,P-02,86.6480736442588,51.30708677786703,455.10236271517323,123.12390171763168,1.7533955248258928
2026-03-13 22:10:00,P-03,83.09475008777865,50.301680483169044,360.186926224227,117.61895838915345,1.368064479982976
2026-03-13 22:20:00,P-01,82.26283981598618,49.39816514438041,455.28405244389484,117.14349437232197,1.2823233837666155
2026-03-13 22:20:00,P-02,86.65814758517149,47.919657058180114,447.75038807985686,117.54640807815557,1.4478670097852457
2026-03-13 22:20:00,P-03,81.75556933084358,39.78444987177351,581.8717792930264,124.8132268873443,1.554721697300749
2026-03-13 22:30:00,P-01,88.19654179936467,50.94394500328853,449.8650395118077,113.89140233805442,1.5426471727103366
2026-03-13 22:30:00,P-02,85.17418088745376,49.36591133686766,455.6903511857043,120.87138515076438,1.6636583583652744
2026-03-13 22:30:00,P-03,85.21131925920952,48.68873003747965,647.4684547399697,124.8321900833888,1.3856500624122046
2026-03-13 22:40:00,P-01,86.62698192889252,48.1223105603984,455.2744565451214,115.98765186268815,1.3752825601681606
2026-03-13 22:40:00,P-02,84.08318274917885,48.90670892470158,449.6239044297441,119.45946427112233,1.6123020130665604
2026-03-13 22:40:00,P-03,87.55942873123453,35.952778860569914,473.1441344063775,121.09830477381064,1.5817465740030379
2026-03-13 22:50:00,P-01,84.24996310126285,50.215549096479855,458.80449061966164,118.01634208104448,1.493584594371927
2026-03-13 22:50:00,P-02,83.8689848209276,50.02070756087717,443.2607551733063,124.2831678561978,1.24052648174548
2026-03-13 22:50:00,P-03,85.70542852460859,54.66166569751664,394.79647101939867,116.00877426269963,1.6421119296619644
2026-03-13 23:00:00,P-01,82.19071315658458,49.56108228485221,458.0406072968303,121.48947606742348,1.6065871375790484
2026-03-13 23:00:00,P-02,86.59431158171067,50.73914574647243,442.7142940847942,118.64622177394484,1.3350628975263539
2026-03-13 23:00:00,P-03,83.26809147632515,36.538977687297475,492.5723191779133,128.0597215158978,1.2614040794862111
2026-03-13 23:10:00,P-01,83.20875939255811,50.275479244250214,443.4931925859408,121.01244554522627,1.50566860419149
2026-03-13 23:10:00,P-02,82.77928860689988,51.6453008211226,445.71361797408395,121.8094632489254,1.7413117018532671
2026-03-13 23:10:00,P-03,86.24865756790199,38.35048747476352,272.49868097252715,123.55305542681585,1.4556646568001907
2026-03-13 23:20:00,P-01,80.96694949014065,50.60770479828524,451.0834407554478,120.39137672173923,1.4443511883462694
2026-03-13 23:20:00,P-02,86.63463357404186,50.04464426611126,442.1338385632362,117.6182240490412,1.2444856714265569
2026-03-13 23:20:00,P-03,80.9135067373492,46.18547599190206,361.9411573915008,121.81463936357746,1.414254611212082
2026-03-13 23:30:00,P-01,84.40956930560455,48.57468887490254,453.01635638219255,116.8783469623109,1.447838506636183
2026-03-13 23:30:00,P-02,84.00182540927526,50.387568891733274,448.9540556644594,121.0943735711841,1.2916967460763762
2026-03-13 23:30:00,P-03,85.4038049367781,40.271195225143416,547.9113227323311,116.99958678183896,1.5135537377480894
2026-03-13 23:40:00,P-01,83.8922921652736,49.21279261282372,448.8317163548178,115.44821852313676,1.2451752155466895
2026-03-13 23:40:00,P-02,86.84262592668264,48.80967690986261,439.342203101676,119.02071143104733,1.8702585991373286
2026-03-13 23:40:00,P-03,83.03995832413163,64.61989930458581,494.8603527743306,118.58254110669974,1.367597024073623
2026-03-13 23:50:00,P-01,88.59564712937353,49.3358849169482,450.6301521787945,118.79968070055264,1.579038131816498
2026-03-13 23:50:00,P-02,87.03775971524381,50.13481019088761,456.7280631368559,118.55294361274774,1.658904924130005
2026-03-13 23:50:00,P-03,83.54759955864944,40.994833800183706,437.93370637779043,120.31081202641373,1.7063544550045848
2026-03-14 00:00:00,P-01,83.78742999890889,49.98552690572499,445.50805410444934,121.9559041507223,1.568561157372626
2026-03-14 00:00:00,P-02,84.57664880235357,50.33796371599099,450.7853987009721,120.93270835302617,1.2446289369046493
2026-03-14 00:00:00,P-03,87.98089036195262,59.898226411666144,527.2637152522332,119.11538529015303,1.7197772051279892
2026-03-14 00:10:00,P-01,87.41566532427264,49.47286847266096,456.55999452611974,119.52460525206406,1.4523986877617021
2026-03-14 00:10:00,P-02,83.51699051300695,48.99980451653636,445.01867674991473,123.56496342661174,1.6192703959779033
2026-03-14 00:10:00,P-03,84.98208798899115,57.21052548021143,470.13383661567076,121.10255230618098,1.4918308297325367
2026-03-14 00:20:00,P-01,84.1065808721211,48.01795293782662,447.6332062440424,125.36937533284292,1.3375267226356946
2026-03-14 00:20:00,P-02,84.30321837467558,50.96466538347124,452.4292461535336,117.20318208878324,1.3177730605430094
2026-03-14 00:20:00,P-03,86.45820806936129,42.09186434015345,644.4273582287304,116.10693987703567,1.492208178746281
2026-03-14 00:30:00,P-01,82.04001436301722,50.61291945912673,441.9591277368449,121.8128477152015,1.4638987343247167
2026-03-14 00:30:00,P-02,84.36759302814126,49.87888564053749,445.66550558833416,123.0696680188401,1.4155957201514437
2026-03-14 00:30:00,P-03,85.76817304051302,59.26148453761325,660.0551512511673,117.70200529530172,1.5061468409070713
2026-03-14 00:40:00,P-01,80.56595947135014,48.62280782800773,454.07602942521623,117.39588078496988,1.737248239377853
2026-03-14 00:40:00,P-02,88.25033415039024,50.12969689493947,464.4545147953665,120.21427289981709,1.485566757109281
2026-03-14 00:40:00,P-03,84.15469400654922,41.498198410898134,394.570025078612,122.4337224069779,1.2356649442803995
2026-03-14 00:50:00,P-01,85.55448750361076,49.54292480954958,450.33782761146625,121.71757123323691,1.6671950118604735
2026-03-14 00:50:00,P-02,85.08941744320389,51.35533859376286,440.0759363159225,121.7579726608487,1.6095704518990197
2026-03-14 00:50:00,P-03,86.09855056222392,56.67280526473067,454.6519977685252,118.89744439033878,1.7915043286364893
2026-03-14 01:00:00,P-01,83.47843210728394,50.73138976734509,449.70479995473966,122.87816783607934,1.794125808242761
2026-03-14 01:00:00,P-02,87.41799202670963,50.362953997722634,460.29261182120933,122.05150170391336,1.349734114419121
2026-03-14 01:00:00,P-03,85.55469780930775,91.79336330594842,451.8294612647506,121.83257033942697,1.4577138540922001
2026-03-14 01:10:00,P-01,81.25781102668267,50.159001827482385,449.59803214498555,121.18876994235517,1.6725001972173552
2026-03-14 01:10:00,P-02,86.08748780638085,47.261939158694844,442.8429005272487,120.01577216711752,1.4723507329512728
2026-03-14 01:10:00,P-03,86.20323981428605,40.29367316725438,508.22000317329446,113.9322980184143,1.7011129474194873
2026-03-14 01:20:00,P-01,87.28264251475068,50.19230186857769,457.72680659754343,125.50244689214016,1.5268362860471971
2026-03-14 01:20:00,P-02,84.2623630784768,51.05812309587479,453.33614006843555,117.97643219460697,1.4174038928620858
2026-03-14 01:20:00,P-03,83.4171585791738,46.590914211176354,417.8229372259149,119.7276906583807,1.7458093183115326
2026-03-14 01:30:00,P-01,85.0355752547632,49.658095234272444,454.11365530736725,114.71137271888665,1.485451297545398
2026-03-14 01:30:00,P-02,83.48753648745307,48.61535097356052,447.82444121731726,121.9251937855639,1.388156778165986
2026-03-14 01:30:00,P-03,83.21387719033159,46.07543078685254,382.32977405984633,120.40663545465439,1.4253532727227294
2026-03-14 01:40:00,P-01,86.24087841809629,50.34689043256865,452.7007990570218,122.115505409214,1.6862040545508796
2026-03-14 01:40:00,P-02,88.81287342824027,51.402776213991054,447.9166939957721,122.07531132852282,1.5951883877054038
2026-03-14 01:40:00,P-03,86.70681081159034,59.2383590475608,333.025003128592,124.32942569926414,1.6346035928188032
2026-03-14 01:50:00,P-01,83.19434227628378,49.22264864339283,443.445823303139,121.34803398187603,1.3511152537872906
2026-03-14 01:50:00,P-02,82.12672371560029,50.27197371056503,444.98207511799876,124.99617134584716,1.2389569242859415
2026-03-14 01:50:00,P-03,81.38299713075425,51.729183913049376,443.4324216770941,120.98240485897534,1.5469007352338042
2026-03-14 02:00:00,P-01,86.91056271896247,50.03888304330263,449.71772411797156,118.28063323753139,1.5485107539524663
2026-03-14 02:00:00,P-02,87.43127244051416,50.614412160422376,459.2098171528444,118.40951826358712,1.6947421415713364
2026-03-14 02:00:00,P-03,86.09192267307888,54.30860308164548,506.71570754426074,119.33893138888749,1.5328911163814134
2026-03-14 02:10:00,P-01,83.99055003445676,50.05580905706736,446.2192664899493,113.82859975781075,1.389038897865973
2026-03-14 02:10:00,P-02,87.90620444445916,48.99685266547399,454.52231780121645,117.12554612428778,1.6932762058654447
2026-03-14 02:10:00,P-03,87.159964663218,39.258963131020614,630.4425726693406,116.93116510640895,1.7172626194147422
2026-03-14 02:20:00,P-01,82.7663863883294,50.92804127616066,450.830559758077,122.4788908220959,1.4247181135117826
2026-03-14 02:20:00,P-02,84.996251763361,50.73437087353213,448.72765934067365,119.93166404131884,1.2654377689398442
2026-03-14 02:20:00,P-03,84.22690491747699,64.41485138552483,368.4044050826564,118.41192222871305,1.5265290166973877
2026-03-14 02:30:00,P-01,82.66886015662956,50.56629241360316,452.571528448047,124.46038073656811,1.3203090881649562
2026-03-14 02:30:00,P-02,83.70116747128384,48.206251146348656,454.2454478003603,117.32018990160488,1.9000221790606293
2026-03-14 02:30:00,P-03,85.3384934072542,43.98524956434737,571.4795819377499,118.6212405207713,1.4772510070998588
2026-03-14 02:40:00,P-01,82.75282386168695,49.390873846257975,448.87656848341874,120.45004247666468,1.529540174240418
2026-03-14 02:40:00,P-02,84.13770671048904,49.4397475595559,446.79152684590275,121.74595792934444,1.7697840472387862
2026-03-14 02:40:00,P-03,83.3955182710005,45.87720820577492,434.0311810002219,117.62119818230546,1.7372734996203603
2026-03-14 02:50:00,P-01,82.21500116186714,50.763072574378974,441.7301096404665,118.2666930355314,1.4273684426893736
2026-03-14 02:50:00,P-02,81.95862815179918,49.298334415663895,455.9619422357133,120.14018205722573,1.2079399618122402
2026-03-14 02:50:00,P-03,84.92370146891928,62.1986596916753,378.9229454304986,117.08758006513325,1.4479624260553898
2026-03-14 03:00:00,P-01,84.33464385977229,49.635307390520786,457.04519597196344,120.08264654704561,1.6358382201406052
2026-03-14 03:00:00,P-02,86.750096410351,50.70439091871505,448.92467172075146,121.40828351008498,1.2354476732878281
2026-03-14 03:00:00,P-03,83.8823516920354,48.275422725507774,385.9968223518838,120.55840401798157,1.752909049449439
2026-03-14 03:10:00,P-01,81.92340621806139,49.30888493248931,458.8451947817729,123.71797703726669,1.7210999918079442
2026-03-14 03:10:00,P-02,84.0137305104854,50.35606582583158,440.92841482105104,119.49461093165674,1.3343445170445403
2026-03-14 03:10:00,P-03,87.20171528436857,49.37108732553062,336.094394035387,117.00011272569655,1.4372041535564961
2026-03-14 03:20:00,P-01,87.21497824597097,49.964310426749776,447.5224401098272,117.85762765282179,1.4115734228310046
2026-03-14 03:20:00,P-02,85.47333877766536,51.51389117669052,447.29404905710595,112.87469331304796,1.4922964469634679
2026-03-14 03:20:00,P-03,86.19396262011719,74.66544128676398,664.8801920887787,118.43811456395227,1.3816450667899072
2026-03-14 03:30:00,P-01,84.0423199051967,51.999291010243034,454.42089957529237,119.29924930936923,1.7359610854576475
2026-03-14 03:30:00,P-02,83.6490554629051,49.5408706254575,468.94235427682474,116.93815553729335,1.7155376147303396
2026-03-14 03:30:00,P-03,86.61868069496978,62.39685856566033,344.3806487061158,119.71104215677246,1.8959142300967713
2026-03-14 03:40:00,P-01,84.20268901513519,50.190810815776935,456.8800013327895,121.84162998609908,1.4818694638553818
2026-03-14 03:40:00,P-02,84.9396652716713,49.58571226984512,443.26788049265735,120.29906994873035,1.6456580199968343
2026-03-14 03:40:00,P-03,85.3554860429629,49.45206191303825,470.85332848966004,123.39171484225692,1.4250808574474894
2026-03-14 03:50:00,P-01,86.11063831093139,50.6665680332003,450.1596575176306,115.55144147424002,1.3852662963893438
2026-03-14 03:50:00,P-02,84.61947110094953,50.4210830019143,446.948631656487,119.46799749738727,1.0339824955655739
2026-03-14 03:50:00,P-03,83.69353401353229,52.0297651322911,463.9810464693402,124.63376689829391,1.928692922735936
2026-03-14 04:00:00,P-01,88.72468930695445,49.20480142568756,455.690977431128,118.08836716806212,1.6299598336715269
2026-03-14 04:00:00,P-02,87.61960658644105,49.995150783331155,444.80313959115864,117.09908213259416,1.1198776406603077
2026-03-14 04:00:00,P-03,85.4287577366663,42.354214041621105,556.8750496654734,125.52618111537424,1.6717509517292397
2026-03-14 04:10:00,P-01,84.25289879084968,49.961080296282724,447.54741103971895,126.84546151677138,1.3352419691657527
2026-03-14 04:10:00,P-02,84.52431682539645,48.92279325376552,444.68506555061515,119.72476998821747,1.543726545033971
2026-03-14 04:10:00,P-03,86.09656435768439,35.41974929013253,447.7567599348289,118.03349071766159,1.642576668179653
2026-03-14 04:20:00,P-01,86.93444361650171,50.56100215961551,447.658737654974,121.72636445268103,1.4305861043360115
2026-03-14 04:20:00,P-02,84.4859473456184,49.63668571844193,449.8026528735269,116.9892366428291,1.528018126639613
2026-03-14 04:20:00,P-03,84.40708487589343,47.59920874921108,433.535848889696,116.84068169375364,1.4313090675279463
2026-03-14 04:30:00,P-01,84.95840636150382,51.134272965108046,442.12203810489166,116.81421404748299,1.5156360409345024
2026-03-14 04:30:00,P-02,83.81507008960901,50.16509348933189,461.07371518567163,121.9701271304018,1.2098421080630004
2026-03-14 04:30:00,P-03,87.42764502396047,44.37094621216755,452.82684349143904,117.15341455497912,1.114378293052316
2026-03-14 04:40:00,P-01,85.75191358394801,50.10046667914545,443.93975690669686,117.41770787444361,1.3576249458512217
2026-03-14 04:40:00,P-02,85.46715840303015,48.59137823621645,456.0896242200512,119.37458182820266,1.7118709600334006
2026-03-14 04:40:00,P-03,88.64562633731767,68.36498814454414,392.2804130485204,124.96704713535155,1.1113313069772166
2026-03-14 04:50:00,P-01,84.90572191172825,51.85161004938772,453.902822491764,124.87732456599161,1.4629957861720797
2026-03-14 04:50:00,P-02,86.52121000307886,48.91497175008967,441.89173267331887,125.22533236243537,1.5768375213323542
2026-03-14 04:50:00,P-03,83.03206424813925,34.33336162113857,563.0760192997955,126.07036264121972,1.5333459312702058
2026-03-14 05:00:00,P-01,85.02088093398164,51.14480221593433,446.06184437438,127.04489097849718,1.2261392203146975
2026-03-14 05:00:00,P-02,85.38310120231884,50.85575708771345,451.10324202692993,120.36628570073425,1.5238789968229747
2026-03-14 05:00:00,P-03,83.62981758803373,35.81831108450617,573.5123408745418,121.75917301623188,1.2798424840913496
2026-03-14 05:10:00,P-01,86.67251314067013,50.4111825043395,451.4254430963941,122.16019865628323,1.5398078748725774
2026-03-14 05:10:00,P-02,86.20447308946011,48.65556275745624,447.12761738120395,121.0926416189519,1.2457841063351556
2026-03-14 05:10:00,P-03,85.17685704724404,45.17157992057306,511.7150226689188,122.61290473727838,1.2719505160768467
2026-03-14 05:20:00,P-01,87.10517287439859,49.25452223001102,449.64785874352725,121.5250769602624,1.4360460626145826
2026-03-14 05:20:00,P-02,83.89113931189209,49.90433388643028,447.7974864115111,124.6514882013068,1.7780097642059518
2026-03-14 05:20:00,P-03,84.76541813387443,53.87548434337916,397.85912080803405,120.82714587677513,1.0345836876527943
2026-03-14 05:30:00,P-01,83.94433370179078,49.449675933301954,451.58010305603875,116.17103129718653,1.4129648090211828
2026-03-14 05:30:00,P-02,83.18229454587664,50.99602589646828,460.9276196920691,117.3663483034704,1.4671969806968446
2026-03-14 05:30:00,P-03,84.92552331666293,47.32234863637276,317.70003892226254,116.4469042531651,1.6060238625642278
2026-03-14 05:40:00,P-01,84.90478339169566,51.32871559018469,449.15793006670873,125.74036255557408,1.7033171597342167
2026-03-14 05:40:00,P-02,82.32652243808943,48.4259020403219,454.4251566365761,121.82742367005517,1.6117076121823959
2026-03-14 05:40:00,P-03,85.08549289874283,58.83148294710413,594.2937380231036,120.68203503984739,1.062784098408773
2026-03-14 05:50:00,P-01,85.13779203868019,49.85428156835849,453.1154380365649,120.57710512652015,1.4632997089933908
2026-03-14 05:50:00,P-02,81.76899393548631,48.3648578018912,449.01869476312794,119.33798326671861,1.4658381937658351
2026-03-14 05:50:00,P-03,84.22640430392443,58.68655953980966,432.0954536808819,119.68721661836608,1.3387033538253172
2026-03-14 06:00:00,P-01,82.22383537544839,49.0894227010772,456.5519918644713,116.8503447518074,1.3309582478188395
2026-03-14 06:00:00,P-02,86.24938401189365,49.075390172411495,443.76041427984126,116.72549535659337,1.4200385463441045
2026-03-14 06:00:00,P-03,85.31317936645766,47.28550320819546,464.37866546113753,122.8070804829491,1.147604611667781
2026-03-14 06:10:00,P-01,86.6809779197591,48.98186510637478,448.19782340162766,123.05485134806912,1.2981135169452356
2026-03-14 06:10:00,P-02,86.36054461467596,50.05183236435028,460.39102109203395,121.537218322021,1.399066409538027
2026-03-14 06:10:00,P-03,84.0702958400368,53.566727061120474,641.4141556995379,119.84692597099549,1.519729873529976
2026-03-14 06:20:00,P-01,82.91386515064288,49.439589380210045,451.93513139470195,115.98306308322731,1.6163456952203472
2026-03-14 06:20:00,P-02,83.79166806027737,49.61095348916677,454.3792722869087,116.2160092635111,1.2375228899636583
2026-03-14 06:20:00,P-03,83.06222029417145,61.06614841093734,358.93733422660756,117.6009158305598,1.7117691348542492
2026-03-14 06:30:00,P-01,85.49662792477432,49.34807164438312,454.36732682415345,121.18189826254121,1.2356146705073339
2026-03-14 06:30:00,P-02,86.56515866067657,48.987644602965354,448.6374393285016,119.71773253042282,1.553696932265017
2026-03-14 06:30:00,P-03,85.76376839393384,58.399371878873545,487.13583414553494,119.64390474498893,1.74210360752662
2026-03-14 06:40:00,P-01,85.03726674376462,50.428341214246416,457.57929694091945,118.00818957037052,1.7226172865284721
2026-03-14 06:40:00,P-02,84.2411581233392,50.289807832891896,458.2552463083878,121.07690415821877,1.540586104867144
2026-03-14 06:40:00,P-03,82.95315195190075,49.94382976194647,378.05351588818473,121.91458257114921,1.5253612992855388
2026-03-14 06:50:00,P-01,82.6632704588941,49.451221024242045,457.8878049409181,116.45560144323409,1.6053917507793942
2026-03-14 06:50:00,P-02,83.83538219072598,48.84353207606625,453.92311933990624,117.5691488221708,1.573248090817615
2026-03-14 06:50:00,P-03,86.16663691999291,44.93028220485991,531.1306427312594,117.35472773055392,1.5686303851796457
2026-03-14 07:00:00,P-01,86.97553737682838,49.583238823389074,450.97476703966925,123.59454164872223,1.236200633171738
2026-03-14 07:00:00,P-02,88.03587439721147,50.283362506646846,443.50239288332824,119.68678461149123,1.316014228889421
2026-03-14 07:00:00,P-03,85.59327874056964,47.00094057001924,614.3095197402433,118.56603510085186,1.7118090627130615
2026-03-14 07:10:00,P-01,85.63640996977722,48.390459891710755,449.0772053868054,116.99047719825467,1.1954970239953913
2026-03-14 07:10:00,P-02,89.7842382203151,49.80606552939028,454.5390984985462,116.78260335189823,1.4750175444587394
2026-03-14 07:10:00,P-03,84.80862919323074,55.19877692845718,430.16908028669565,119.6151444734528,1.6946618222272496
2026-03-14 07:20:00,P-01,83.59530962751413,48.379201189632155,449.38691926227096,118.80584746625621,1.5983920129874862
2026-03-14 07:20:00,P-02,88.83341681634303,49.90983119891632,456.6505098761588,125.16742512829265,1.6517625262005442
2026-03-14 07:20:00,P-03,85.82458644013448,60.23214927448108,461.8455875617594,119.1548754372413,1.550692656615824
2026-03-14 07:30:00,P-01,86.84161977330854,48.926364568159435,453.68733306207906,124.85849322129121,1.7935523282987171
2026-03-14 07:30:00,P-02,83.4082490841743,49.62889625184571,454.98977198482436,125.33281067892639,1.7002585332646845
2026-03-14 07:30:00,P-03,87.49490375262724,37.23869062551471,453.2662496163872,118.67010644378378,1.127805469028996
2026-03-14 07:40:00,P-01,86.42930362178676,50.46279308359718,454.88073547671166,117.39607453410915,1.6295132181813021
2026-03-14 07:40:00,P-02,84.5598856237206,49.80574209807975,451.51946099848016,116.07498496063013,1.2784382872369453
2026-03-14 07:40:00,P-03,83.55242671483168,43.916624259681136,461.1167626634083,121.74414249046878,1.0975701791204517
2026-03-14 07:50:00,P-01,83.80621232789906,50.25708791930086,458.48088248918475,122.50012787513022,1.8311573295204406
2026-03-14 07:50:00,P-02,86.88093909326325,51.87783315105391,453.92009946872554,125.30972111258416,1.9688881175557242
2026-03-14 07:50:00,P-03,85.43711868262402,57.972473146639985,424.0912515099989,119.56087797110905,1.2915440307971866
2026-03-14 08:00:00,P-01,80.3540523536369,49.084084674117214,457.4641529483529,116.23184599590225,1.706434398844533
2026-03-14 08:00:00,P-02,85.11116657603357,51.2449690041316,459.6636222588323,113.98301279294732,1.4342910677405927
2026-03-14 08:00:00,P-03,86.46923763564423,46.328603812185676,347.9571375985426,120.80963125853273,1.8954645515104822
2026-03-14 08:10:00,P-01,81.05718556469226,49.169419332775924,447.03660678057656,122.98975688556986,1.8106797577043705
2026-03-14 08:10:00,P-02,86.20355565359617,50.13817613908794,453.7198674481685,120.82867275719167,1.6767839973664407
2026-03-14 08:10:00,P-03,86.76144405246241,48.437682258455865,385.81705834983256,114.5402387703832,1.534384506812285
2026-03-14 08:20:00,P-01,83.57749514853052,48.6603019369661,439.84450010182184,122.872050157528,1.6316699136746622
2026-03-14 08:20:00,P-02,86.05301690030709,49.11665802724866,450.39934552065245,123.71099870719951,1.685154863899146
2026-03-14 08:20:00,P-03,84.08664937653359,49.93849501607957,570.2649646288775,115.07590650657204,1.3952687130580796
2026-03-14 08:30:00,P-01,85.47920873908663,50.031225484814286,448.9349446337756,119.25664800422753,1.754246167443464
2026-03-14 08:30:00,P-02,84.1459030018156,49.921723461451194,448.9869809263837,122.23573516282073,1.492623972851316
2026-03-14 08:30:00,P-03,85.42061598196933,46.45607791929411,445.8437061821575,117.47790448153877,1.4196820332158588
2026-03-14 08:40:00,P-01,86.07887963319743,48.045031080125646,444.94606255048006,116.94608092678577,1.5342338685085368
2026-03-14 08:40:00,P-02,84.37621215741386,48.083104173497375,444.3045111773943,118.65565586510868,1.766357255025405
2026-03-14 08:40:00,P-03,83.63055263056609,57.99764572896777,380.87551377151925,121.7644698644569,1.9656678495818682
2026-03-14 08:50:00,P-01,87.18424301469238,50.094270716537075,457.84267551298115,117.16286148782189,1.588788543699387
2026-03-14 08:50:00,P-02,85.79187922135053,48.68081817481079,448.5705355355436,121.63943673648438,1.4860173050662475
2026-03-14 08:50:00,P-03,86.73120526648115,53.23681623414075,428.22236251409146,123.89717762715087,1.5613017457041054
2026-03-14 09:00:00,P-01,85.85124791751696,49.92262997829773,454.696627042837,126.55108368483047,1.7127305134485913
2026-03-14 09:00:00,P-02,88.34408258789084,49.7698051660958,441.95621321265844,116.19750473833103,1.1175535895447937
2026-03-14 09:00:00,P-03,85.49670273468482,58.27446193454604,517.463908227763,115.37991173964943,1.59908669936989
2026-03-14 09:10:00,P-01,85.10929212968189,49.11974434926699,443.6188712422819,124.84681473460375,1.854042365670141
2026-03-14 09:10:00,P-02,85.76553962252561,49.33964471935958,453.36496510089626,120.94814899102057,1.6479524310585307
2026-03-14 09:10:00,P-03,83.10405118628347,52.84375906094526,433.82601316725425,123.9845262602377,1.6857878448186563
2026-03-14 09:20:00,P-01,84.72306123181629,49.65829371055918,449.1273455206314,118.66852219252512,1.547745934550046
2026-03-14 09:20:00,P-02,84.74232295899417,50.40281229435894,453.6194801261184,122.70587382482884,1.6569263757289754
2026-03-14 09:20:00,P-03,83.19156868743717,54.98323473747023,531.4693763408479,125.35124872100914,1.5166708704162017
2026-03-14 09:30:00,P-01,84.72208165183086,50.53980615868428,457.46991178394495,121.23660353853377,1.7368234343767173
2026-03-14 09:30:00,P-02,81.26263822259413,49.62123207811054,454.7021022417309,118.81391144758578,1.3069221335832237
2026-03-14 09:30:00,P-03,83.7008870696443,82.80632816397618,349.27108697907954,120.88020926150745,1.3910377259529592
2026-03-14 09:40:00,P-01,86.3135284025883,49.772081402288855,451.4825133467559,122.01828767746873,1.4507814343846108
2026-03-14 09:40:00,P-02,82.98835376277509,49.747076503064,453.0218963949778,117.82699808456017,1.3204655964724368
2026-03-14 09:40:00,P-03,83.18071484832751,55.72910932092851,604.7728110224961,119.30003038238827,1.5382840760144387
2026-03-14 09:50:00,P-01,86.37484395263294,48.704859192100606,454.22328913867926,120.95016645516982,1.6242787899117699
2026-03-14 09:50:00,P-02,84.84232849241552,49.387681646562335,460.21458028312276,119.15539316890674,1.658176650143473
2026-03-14 09:50:00,P-03,85.87597237732831,62.179525694468545,421.5931114125384,123.718614240807,1.2977315858727723
2026-03-14 10:00:00,P-01,86.07932319280384,50.62755752020141,451.54748147305577,119.93284262766844,1.2934079650167327
2026-03-14 10:00:00,P-02,85.08738208867699,50.3162370469696,459.627460084567,123.16728063636279,1.1929355145254106
2026-03-14 10:00:00,P-03,84.89598381875683,38.75682107449348,555.1951573210679,122.79706749009273,1.2780209190565046
2026-03-14 10:10:00,P-01,82.99504580648987,50.46645796326114,457.9737531996671,118.97405794020314,1.687899386354946
2026-03-14 10:10:00,P-02,85.27347388999873,50.5613889503491,448.04882340958096,120.32011377730133,1.2060555038443628
2026-03-14 10:10:00,P-03,87.06716033497435,44.4877150732459,267.6225501662767,130.9646828401893,1.7331059843194976
2026-03-14 10:20:00,P-01,83.78414226569686,49.42667025957265,453.08852361829616,120.70162945765276,1.3748547407697798
2026-03-14 10:20:00,P-02,86.57121030664864,49.30552238368282,442.3140418577601,122.96338992413972,1.4375766106680934
2026-03-14 10:20:00,P-03,88.76956103977884,32.95843532941818,368.7900246806377,121.27898159234105,1.5431030635643486
2026-03-14 10:30:00,P-01,82.00730300888571,50.62097862665986,451.9755130651906,120.49237977915507,1.6434978966349476
2026-03-14 10:30:00,P-02,86.29720229631992,50.54890149589512,445.87873462397624,120.08613555712573,1.4691823570579612
2026-03-14 10:30:00,P-03,89.57497411655915,63.26790347958432,471.4446186990434,122.05988913159008,1.3598706598746981
2026-03-14 10:40:00,P-01,85.5729567351111,51.70829773655351,446.40408661415034,122.3492759498974,1.4840322133023223
2026-03-14 10:40:00,P-02,82.05354166381233,49.471675046887164,457.42615598906013,122.24713600851464,1.6946112182863788
2026-03-14 10:40:00,P-03,81.53496598997654,52.060940434536555,365.35292582145155,121.29342833843032,1.478568205770143
2026-03-14 10:50:00,P-01,86.88487155496199,50.39918926645336,450.51638627525824,114.88852215538077,1.5558922451688302
2026-03-14 10:50:00,P-02,84.81135683300849,50.371724513224244,448.23392657247837,114.92306450200552,2.0308071302407154
2026-03-14 10:50:00,P-03,83.13126034601414,54.465917868643,385.0152469009692,121.96649842950546,1.2364273923688476
2026-03-14 11:00:00,P-01,85.02422488255431,49.01391507933492,449.73743457342323,116.19149421876865,1.3159335702535695
2026-03-14 11:00:00,P-02,84.53314760050043,51.41403465776541,457.5531441446795,122.54833449708607,1.3512198029048352
2026-03-14 11:00:00,P-03,83.56593867674658,61.792266774182735,445.7140271685928,119.93527782051221,1.834086171342797
2026-03-14 11:10:00,P-01,86.18425866101522,49.6794454069509,455.76381593771345,119.38080145298841,1.4704402707604647
2026-03-14 11:10:00,P-02,83.7884669823444,49.528452074140326,451.88212446903583,116.76988323822492,1.627883809282971
2026-03-14 11:10:00,P-03,86.13025495958412,51.72160850992949,412.93931199119356,121.80195824062102,1.5086685317331048
2026-03-14 11:20:00,P-01,83.8210864326992,51.407282102215554,456.5605813074134,122.64162860679755,2.12525253813696
2026-03-14 11:20:00,P-02,84.36254386773552,47.282069152258636,450.05147529062685,114.99892362000244,1.3956484318335387
2026-03-14 11:20:00,P-03,86.50047638841217,50.83519207034351,380.2075837214261,118.77639254165506,1.441707617680859
2026-03-14 11:30:00,P-01,82.6602221782569,49.93164299871112,450.4839045823496,122.47706988422605,1.4245243587563896
2026-03-14 11:30:00,P-02,86.64809663365305,50.41867500365596,435.4836834438129,122.0127438810352,1.4537148164059106
2026-03-14 11:30:00,P-03,88.71142762879464,50.971411975726184,324.87880338942927,123.74751852033135,1.62824790947555
2026-03-14 11:40:00,P-01,80.81467259694612,50.66589234524299,445.66306385060614,125.93881220029702,1.2243978872702093
2026-03-14 11:40:00,P-02,81.74815965028645,49.74886165407918,449.1695026788201,122.7028802158473,1.1222870774791895
2026-03-14 11:40:00,P-03,84.00746003305356,54.96616942899759,394.02865210673394,114.45112244649138,1.3877636187983886
2026-03-14 11:50:00,P-01,86.17427536976855,49.176493216589684,440.498463852134,121.43337552608216,1.2176759706733733
2026-03-14 11:50:00,P-02,87.16414743959596,51.22755584418662,451.0765420822434,118.1985869704989,1.442991440200939
2026-03-14 11:50:00,P-03,81.72894061432957,57.749917664792996,407.7128286608878,118.32031482833445,1.4870849392849785
2026-03-14 12:00:00,P-01,81.40178669727473,49.81023199108409,455.86522743049056,125.14123339146272,1.379488047679485
2026-03-14 12:00:00,P-02,88.1026234742793,49.76808786869883,446.4166915139633,120.0640497603671,1.5725133836565708
2026-03-14 12:00:00,P-03,85.05385974511753,40.494202629813,535.8146842063798,120.00142348878069,1.2258746571548018
2026-03-14 12:10:00,P-01,83.8546777432508,49.03038333688743,445.9217074331236,121.37387733984569,1.567531493661437
2026-03-14 12:10:00,P-02,85.02692674727005,50.018002745094044,450.3417838926606,119.8663597760648,1.8550695602052922
2026-03-14 12:10:00,P-03,85.86607633200857,45.51540843930391,353.35335489178163,116.42192884585111,1.1864792159364326
2026-03-14 12:20:00,P-01,85.43027002802127,49.460016170862545,458.22158131212956,116.37119062606479,1.2548032748688345
2026-03-14 12:20:00,P-02,88.80940511597602,50.912383628921226,451.3921905294099,119.1368424434807,1.3967353264252853
2026-03-14 12:20:00,P-03,82.26164073963871,66.63769459995119,522.1694155161915,119.88738326925906,1.4090303172379675
2026-03-14 12:30:00,P-01,82.24804492344916,51.59629244601663,455.0018749828878,113.64918112789402,2.040275610597006
2026-03-14 12:30:00,P-02,85.21020370220599,51.1439413778802,452.7341018825657,121.2802128857317,1.5191089087557337
2026-03-14 12:30:00,P-03,84.8775593289397,68.72701573361803,396.59466578598216,122.80788035390106,1.4391777702018762
2026-03-14 12:40:00,P-01,86.05194080908052,49.972645854511,442.9283966105916,118.70341356316995,1.2379703807209832
2026-03-14 12:40:00,P-02,87.85847116915564,48.18875705667266,451.8721812996947,118.16916622205001,1.6055344978780937
2026-03-14 12:40:00,P-03,85.89887938544955,36.202481296044354,458.49586343385187,116.69397766782437,1.2712356522991881
2026-03-14 12:50:00,P-01,86.21421193884555,50.895407625407316,437.68009221468395,116.96059252385635,1.4107414780439644
2026-03-14 12:50:00,P-02,86.19202326498234,49.34970312834661,452.1937506463813,119.87416413040934,1.4119224170340605
2026-03-14 12:50:00,P-03,84.85036580752167,67.1434891852549,501.6129790159266,122.45248923145098,1.4777247704927037
2026-03-14 13:00:00,P-01,88.59238460734174,48.3629242031406,448.21645192507646,122.42532235389262,1.5534214329222336
2026-03-14 13:00:00,P-02,86.74652478709136,50.11317267622571,455.3162541592537,122.42860440844619,1.4230056024100373
2026-03-14 13:00:00,P-03,87.39276912019086,40.232256586463386,409.27541064494767,117.72837165837107,1.2632358330672595
2026-03-14 13:10:00,P-01,86.88076135201385,48.47374860763345,444.68917117416885,119.88971895119577,1.5938115428371553
2026-03-14 13:10:00,P-02,84.3592233093386,48.72452190552767,446.94875974644896,118.8621280482531,1.482600965840362
2026-03-14 13:10:00,P-03,82.25137747337828,52.18145469805723,492.7754887876375,121.31564449563919,1.6071356624723672
2026-03-14 13:20:00,P-01,88.73628564465045,49.78175487004496,443.0542225183983,120.18148049752185,1.430129289259518
2026-03-14 13:20:00,P-02,86.26248138990094,50.40859625575017,447.4998002608659,119.90684846320545,1.494114915208536
2026-03-14 13:20:00,P-03,85.13889413994765,49.85773808234779,404.203373315143,118.81471508234038,1.5046054452873732
2026-03-14 13:30:00,P-01,82.58189945157051,49.61474572842483,447.5044005534233,117.86534558155375,1.3200857692459314
2026-03-14 13:30:00,P-02,86.87982617993872,48.3785576761915,443.89601913492027,116.18655654688732,1.2146173080430838
2026-03-14 13:30:00,P-03,85.81282873308922,54.78739158443324,371.3329354537456,118.13037376014394,1.4389076270921233
2026-03-14 13:40:00,P-01,87.70357489346647,49.97036323374263,443.3768614568784,117.6189628780563,1.6551488407387378
2026-03-14 13:40:00,P-02,82.20671884689588,49.19902791756811,444.24774175550266,125.94641868540204,1.341338638753514
2026-03-14 13:40:00,P-03,87.94551913027209,51.37959363477291,337.32371121517014,120.64929328536907,1.496680932569644
2026-03-14 13:50:00,P-01,85.5435711679156,48.75514170831361,450.3978881146667,118.09262419815269,1.4745319555024794
2026-03-14 13:50:00,P-02,86.08287331706087,50.26033846000011,445.40045181850206,119.20193273106678,1.5222750526331152
2026-03-14 13:50:00,P-03,85.28232204971472,36.950358690895115,420.1979128101862,118.17124346764537,1.5423162863521633
2026-03-14 14:00:00,P-01,84.41012170627837,50.37608832001123,450.2437394923171,118.3723427009174,1.4959957939817121
2026-03-14 14:00:00,P-02,85.03363229319235,49.30728161278623,453.7034218532909,121.04012348511061,1.3217523063008674
2026-03-14 14:00:00,P-03,81.68813675108493,35.56508240235434,425.047617577024,118.3467975728519,1.702707379827352
2026-03-14 14:10:00,P-01,83.46410406563638,51.84905578830797,457.8348212639104,124.17105617837515,1.608886004877344
2026-03-14 14:10:00,P-02,87.42213920297468,49.291682470417236,450.69251097601375,113.54470525703223,1.3733175858905422
2026-03-14 14:10:00,P-03,85.9485775434861,43.05299358556942,522.1903180194864,115.21127414965022,1.5272079804246805
2026-03-14 14:20:00,P-01,87.75746289555241,49.64143753106513,442.40452425668883,117.38917610077453,1.4954111545603266
2026-03-14 14:20:00,P-02,88.00620440074414,50.70582656362975,447.8528435214743,119.00050004534812,1.8773140390920384
2026-03-14 14:20:00,P-03,82.9858474804107,45.338344901010736,470.92809886528977,119.94959234273188,1.653524998946553
2026-03-14 14:30:00,P-01,86.58825633987318,49.23382775706935,448.7246161276058,120.44422302294701,1.3829034122976638
2026-03-14 14:30:00,P-02,83.56218025219479,48.89692978857307,460.73881065757723,120.70889290126064,1.7291092345356767
2026-03-14 14:30:00,P-03,83.90726110437592,33.908486050032835,454.5115547952073,119.79232733418999,1.4412453184144645
2026-03-14 14:40:00,P-01,88.8507139528384,51.731774148741366,455.65353648089035,116.43608679057327,1.5888651377464567
2026-03-14 14:40:00,P-02,87.4750430974863,50.14944660198031,444.2038372460253,115.50605907535997,1.6154140539788258
2026-03-14 14:40:00,P-03,85.15919873057331,44.6392315859447,370.0694393834805,123.42481773860123,1.6347225008282211
2026-03-14 14:50:00,P-01,84.37776541558803,50.19634941320161,446.6371776599457,118.12634760594528,1.2337795752455332
2026-03-14 14:50:00,P-02,87.90035969371782,48.284431384276196,441.46679647493784,120.01031710956832,1.3510302088394144
2026-03-14 14:50:00,P-03,85.01437459261827,44.855471158265274,395.32538376136523,117.48205349489763,1.5469692695994246
2026-03-14 15:00:00,P-01,84.45143320259785,49.464873893825626,447.6833630442419,118.21735620463058,1.290813533829007
2026-03-14 15:00:00,P-02,84.60009155910343,48.879893153677585,450.81858324442805,118.44679795897802,1.7275137351013852
2026-03-14 15:00:00,P-03,84.0639901550696,55.9563972237099,517.5479970198011,116.2195724219551,1.4171350259834696
2026-03-14 15:10:00,P-01,82.49107403662026,50.337156141256784,449.98437371418856,119.11918933278564,1.5137359443445062
2026-03-14 15:10:00,P-02,85.55320230179838,49.47505137542464,447.81532650770924,124.59878262557658,1.7036029484973603
2026-03-14 15:10:00,P-03,82.74761060294652,53.221854812497135,364.513673798642,121.67397237162685,1.3333889843234643
2026-03-14 15:20:00,P-01,87.18247108711016,50.60812714555745,456.07977847911434,122.77168585164164,1.513585469719603
2026-03-14 15:20:00,P-02,87.5398735875121,49.69688438203652,452.48936587727866,119.9020483916139,1.5712233721713937
2026-03-14 15:20:00,P-03,85.6498698330316,58.8397282475027,405.8594744540527,118.80056514544691,1.631393653464841
2026-03-14 15:30:00,P-01,84.88121215774039,51.45751584267087,441.9332549114375,122.84933607882898,1.9124749601429236
2026-03-14 15:30:00,P-02,86.32743857201346,51.27106805583351,440.87445487029,117.6017220008198,1.5564796646524997
2026-03-14 15:30:00,P-03,85.99017244052536,51.45173948595793,523.6272360995022,119.1702282960278,1.1336218105262992
2026-03-14 15:40:00,P-01,86.29168757102343,50.240226985669636,456.4563001520627,126.33842915757789,1.3122051256897025
2026-03-14 15:40:00,P-02,87.45195392105617,50.207314585148666,456.6793635909409,120.21180719812214,1.4159666381556724
2026-03-14 15:40:00,P-03,87.38723507356858,63.28293970152432,371.64696115707306,124.30850432470811,1.523642528039918
2026-03-14 15:50:00,P-01,82.81257301457656,51.05328079022898,448.93485360350843,125.54119747848237,1.122457432040946
2026-03-14 15:50:00,P-02,84.14410429336807,48.29604059045021,447.9584871238635,119.09375297184046,1.379667493718499
2026-03-14 15:50:00,P-03,83.81250979267696,66.46250451404336,477.02542943176127,116.49467507266324,1.6896840709294219
2026-03-14 16:00:00,P-01,89.23720117381592,50.32182843493505,450.93568467886087,116.21010373281958,1.6265624938782015
2026-03-14 16:00:00,P-02,81.79905829298944,50.89131103913013,446.5686856662883,117.2762693864053,1.3274315074683283
2026-03-14 16:00:00,P-03,82.32634103606426,55.34641312764354,388.2660373929533,119.66699661724796,1.3925205015310305
2026-03-14 16:10:00,P-01,85.40039521407532,50.77362692017874,452.6815288192963,125.72186287364305,1.4548789150765387
2026-03-14 16:10:00,P-02,83.05996874162419,49.200262036424526,443.3674110257784,119.48944182138808,1.8744713770218564
2026-03-14 16:10:00,P-03,86.53787097429633,53.21826499127067,423.50775335197017,121.2017246205656,1.706903340495262
2026-03-14 16:20:00,P-01,86.20240655057647,50.76256486078247,450.11966102571375,121.68917936455397,1.5538577364396025
2026-03-14 16:20:00,P-02,85.04518873996973,48.19916157185771,453.4784642987916,120.75538116481388,1.216255547297077
2026-03-14 16:20:00,P-03,83.99279022868186,48.388331395009686,401.97232262229016,123.14871406434959,1.3188541138524603
2026-03-14 16:30:00,P-01,85.07221075719632,51.17136488779531,456.79781855986363,121.93310146587116,1.3517182147442184
2026-03-14 16:30:00,P-02,84.21679113179998,48.92424121888626,448.11874039367837,115.62760153811006,1.503772847325156
2026-03-14 16:30:00,P-03,83.41749411275163,54.27521802011128,412.3390546327988,119.33430881246989,1.3755411912869655
2026-03-14 16:40:00,P-01,88.14630814906369,48.936627268364525,451.9093955973028,126.59274361751315,1.7082100488917287
2026-03-14 16:40:00,P-02,81.19971042885669,49.622137061262826,446.97951657467814,120.41728703071225,1.241181397108175
2026-03-14 16:40:00,P-03,82.31506850076185,59.42232720631882,350.2625123518211,121.22117699546936,1.6754359640322323
2026-03-14 16:50:00,P-01,86.46804842955639,50.59659564361417,452.44261464647604,115.97203394165655,1.4488368368975006
2026-03-14 16:50:00,P-02,86.62396180374728,51.351035359744785,457.1984450594825,120.47163778245724,1.48550077236401
2026-03-14 16:50:00,P-03,86.96424434547475,39.96888281136049,411.61139760471826,117.03329770026504,1.7193308328081722
2026-03-14 17:00:00,P-01,87.16792988189438,50.892165740265646,449.13959841247544,119.52984737196157,1.5142786834271542
2026-03-14 17:00:00,P-02,84.20783064696953,50.86719242622782,454.1773336832955,127.14010778232351,1.5256445587915504
2026-03-14 17:00:00,P-03,81.68100304934714,47.314996144689644,370.9874882235833,120.78760716371625,1.36130913876928
2026-03-14 17:10:00,P-01,83.95208269312522,48.75926321951649,455.67426672956043,122.31534288214931,1.6154170781951753
2026-03-14 17:10:00,P-02,84.03003522217954,49.24720039478909,441.2693969256004,115.45674572909712,1.64001704466924
2026-03-14 17:10:00,P-03,81.81634269130016,55.04080913250566,516.6249248233713,118.39932321589015,1.8669211031296646
2026-03-14 17:20:00,P-01,85.33985272436628,49.62612592981341,449.79652607093675,117.87584234285445,1.5675465491455083
2026-03-14 17:20:00,P-02,82.9335329024703,49.99196489269134,447.487226412524,122.59877221054565,1.6207397910150403
2026-03-14 17:20:00,P-03,85.1685201184498,38.921212186811594,413.9453101049904,120.35370426206528,1.3311284933980854
2026-03-14 17:30:00,P-01,86.0263291616394,48.73988289400371,447.2156600519594,117.65448435671368,1.5441670278736719
2026-03-14 17:30:00,P-02,82.22950495663926,48.46391362718868,450.5783821276444,120.38394958011408,1.6707309472010885
2026-03-14 17:30:00,P-03,87.06765872552397,49.85838604785242,373.0018251304907,126.64623476130635,1.2060862648115922
2026-03-14 17:40:00,P-01,89.02001236004031,52.65369262407595,452.2337539980827,114.47958439049712,1.6916596429559942
2026-03-14 17:40:00,P-02,89.12741396892245,49.74975794420669,448.11920958241046,117.54021997157402,1.4652964277886513
2026-03-14 17:40:00,P-03,83.1352803266592,45.772658186163795,628.6780503151401,117.99772851327796,1.777338192037597
2026-03-14 17:50:00,P-01,86.24331134579776,49.66389248058435,449.21978127707564,119.50509470169465,1.3901203158262658
2026-03-14 17:50:00,P-02,87.26938972762991,49.509949652663465,450.47578649147033,121.3352521181193,1.6177039281197123
2026-03-14 17:50:00,P-03,85.13708994334223,45.1328009542011,631.6978366258473,115.0113082761085,1.6276061736994816
2026-03-14 18:00:00,P-01,83.7094288005016,50.24655731084731,447.07002558283574,116.2853065549106,1.5966758602745228
2026-03-14 18:00:00,P-02,86.83209815361971,49.70119248391993,445.4832167934859,114.98484334501299,1.5525538593047614
2026-03-14 18:00:00,P-03,84.82819954733425,46.93267789760281,426.7829388734486,118.03356740578627,1.4767920811774036
2026-03-14 18:10:00,P-01,88.82838024593742,50.89878602688495,447.7561006916304,120.49153251998416,1.4465441817819782
2026-03-14 18:10:00,P-02,88.06702863693296,50.45571047041464,449.2793979210196,125.708984310392,1.460444804176142
2026-03-14 18:10:00,P-03,85.17982349566388,47.27465842525098,484.9474469087063,119.63595992252397,1.7465607323211578
2026-03-14 18:20:00,P-01,85.11763985659101,50.01830748262509,453.66065956597424,118.91718841416254,1.1556744720529246
2026-03-14 18:20:00,P-02,81.75053496694589,50.249439498383396,451.126397716002,116.51311664309345,1.4246559174991584
2026-03-14 18:20:00,P-03,83.97223733560214,40.756577048655814,456.8639325405707,118.02755955757989,1.5319981383055632
2026-03-14 18:30:00,P-01,81.38157029889713,48.57045117269238,442.7975348616993,123.2684288573253,1.6906507102856838
2026-03-14 18:30:00,P-02,83.5186090313633,51.10997275270768,455.5123539602274,120.46414252392141,1.9233464755305292
2026-03-14 18:30:00,P-03,88.46280661930305,51.623222720949656,411.76873657636463,124.92678321637283,1.8700604949526067
2026-03-14 18:40:00,P-01,85.20735626995963,50.01990778973053,445.45923431249145,116.80550232533332,1.6178772709849845
2026-03-14 18:40:00,P-02,85.72070108976679,51.61303418930799,449.8223083390577,119.82108466794666,1.3171255788874994
2026-03-14 18:40:00,P-03,88.52283160801547,61.05471550393952,405.2586399878596,124.75277605579582,1.6103627673043464
2026-03-14 18:50:00,P-01,86.30014096171283,48.506040877578414,454.6008596588753,119.03998517192703,1.6878847646522348
2026-03-14 18:50:00,P-02,82.27051423180296,51.26723655014514,451.1944420793229,123.6017691495934,1.7418770539812287
2026-03-14 18:50:00,P-03,89.60000608633713,58.86367169920736,608.7641781696083,116.72959126537953,1.3755158331182764
2026-03-14 19:00:00,P-01,84.41993500381535,50.915825210994335,451.56702163628495,117.67585967942263,1.3705361529306617
2026-03-14 19:00:00,P-02,84.6012332369377,49.80120725029587,451.2269752108786,122.6855972907077,1.6267961007548604
2026-03-14 19:00:00,P-03,86.12228915565981,64.3552279539507,577.1868577194448,121.72108701072517,1.6379337508140568
2026-03-14 19:10:00,P-01,82.44603676329028,49.370985539876145,451.15311280638224,120.23249480842242,1.5831505977876221
2026-03-14 19:10:00,P-02,86.45071275263518,49.92706087532685,457.19747582019363,117.10434043496605,1.7671276031016834
2026-03-14 19:10:00,P-03,86.92852745919413,37.539539965824076,525.8463283748381,121.14976983323278,1.3605030387004902
2026-03-14 19:20:00,P-01,85.18289741014694,49.87072824150495,450.64167915967744,119.19652860766628,1.485726571137339
2026-03-14 19:20:00,P-02,86.67225612344892,49.91054275457951,440.80118084212796,115.66397123352249,1.424647212790337
2026-03-14 19:20:00,P-03,84.30663273030552,46.916283874725195,345.11917990378936,116.40707361382074,1.1679768171663765
2026-03-14 19:30:00,P-01,82.15990960264888,52.052307215610746,446.40819553917277,124.93468090310719,1.4741317571026225
2026-03-14 19:30:00,P-02,88.61455310922763,48.80116202760717,454.9178192939143,118.28951164924618,1.4123715571532143
2026-03-14 19:30:00,P-03,86.38369751523355,57.73447962524987,684.3320759921456,117.24726834561356,1.3872834631002358
2026-03-14 19:40:00,P-01,84.64179976362084,49.55478363084171,451.6407426374514,121.41877065093563,1.2315206772947624
2026-03-14 19:40:00,P-02,88.12659091031513,51.06170935864324,443.8320070366541,116.59035909096747,1.2263475943873634
2026-03-14 19:40:00,P-03,84.37809562796126,38.53324795063724,465.04616428943035,118.64946487470371,1.6908575404012756
2026-03-14 19:50:00,P-01,82.32968742121645,48.894179016327136,449.203805578826,119.31541252212303,1.3931853835895651
2026-03-14 19:50:00,P-02,84.64450163263953,50.65497689242851,458.9509875211627,127.10943674627886,1.6266640212203547
2026-03-14 19:50:00,P-03,84.11811941059592,57.81634150924477,500.4201140739643,120.57765187865722,1.5625667476076939
2026-03-14 20:00:00,P-01,82.86897322644454,48.73307949181122,452.4307761345579,124.29547046244032,1.481527148727189
2026-03-14 20:00:00,P-02,83.05059981983469,50.2162104149566,445.7476760486145,115.07371708838508,1.5530334095409644
2026-03-14 20:00:00,P-03,88.16839532459068,36.25765232740361,310.3242398503982,119.75898902887556,1.5723495619336731
2026-03-14 20:10:00,P-01,82.62711166743162,50.079282465140885,444.03916545891144,119.18204992987786,1.81976500809965
2026-03-14 20:10:00,P-02,88.71540831187886,48.84719402581246,445.7860770543892,122.56969811505772,1.597494419008007
2026-03-14 20:10:00,P-03,85.91919518813381,57.94604161855764,336.16400091669675,117.16001849107202,1.3905220446209428
2026-03-14 20:20:00,P-01,85.63870613177077,49.63901569734395,439.49921988161475,121.88403856300845,1.5154310220101315
2026-03-14 20:20:00,P-02,85.17262374035882,50.161838535273944,454.4448863729373,122.94997507358973,1.5644400260867561
2026-03-14 20:20:00,P-03,89.7508201822606,49.937204935825875,422.7858341962841,122.53958573590634,1.185038503330666
2026-03-14 20:30:00,P-01,86.8160269008546,50.57393070988549,455.12811555732327,120.25781015072157,1.5717741846370732
2026-03-14 20:30:00,P-02,86.48679324712367,49.09437640801194,450.3788247749417,117.20934752578549,1.3893139228192604
2026-03-14 20:30:00,P-03,88.3657301429472,52.58684811671312,542.0310044637474,116.91501641676818,1.5379143165458928
2026-03-14 20:40:00,P-01,83.65852052109187,50.503632149120634,457.04109194832245,115.66179670072403,1.5214628517123345
2026-03-14 20:40:00,P-02,83.53644925619834,49.42589513375951,447.8316929796567,118.19822568346649,1.5541756042621113
2026-03-14 20:40:00,P-03,86.97380937146865,51.606217208318746,376.02538519319904,121.30412133002666,1.7878223912947102
2026-03-14 20:50:00,P-01,84.92278105114347,50.46493545070266,444.3865256797611,116.84026541021618,1.3738733367616598
2026-03-14 20:50:00,P-02,84.74624876573596,51.72397332048032,452.0540954845281,114.49834247681552,1.357982992425291
2026-03-14 20:50:00,P-03,86.16899242038608,43.65534817365346,308.9013160040034,122.98591512755,1.1531251190007248
2026-03-14 21:00:00,P-01,86.17200764305585,50.26680459426218,452.9413840886146,120.14557233068363,1.219912583078916
2026-03-14 21:00:00,P-02,87.40271257447081,52.731387179075355,452.83191535977335,118.24418121082415,1.4119575283702115
2026-03-14 21:00:00,P-03,83.29247120052011,49.22055256017444,318.13606801560104,120.36222631479986,1.8506310745595
2026-03-14 21:10:00,P-01,83.9597502832976,48.96138853030662,443.81256817281155,123.10512814223749,1.2923328633651947
2026-03-14 21:10:00,P-02,83.98900822698322,50.38966341186615,447.13407663507036,117.20052783393034,1.3162492271481363
2026-03-14 21:10:00,P-03,85.20675187119274,61.66180909239678,439.75291576320006,120.4356009641109,1.5654313786415546
2026-03-14 21:20:00,P-01,86.89672691131896,50.81408357716297,453.22635457481806,118.00724874854609,1.6831903355772289
2026-03-14 21:20:00,P-02,85.36279930556591,49.90404964227919,450.83977388641375,118.06213783243443,1.6321745016121794
2026-03-14 21:20:00,P-03,83.64323141594322,53.38316636482721,485.73071378037764,120.34620872770405,1.1931397995524406
2026-03-14 21:30:00,P-01,85.11596642473492,48.17454239222016,452.6965789584428,117.42719294949185,1.1615774791620552
2026-03-14 21:30:00,P-02,88.07395681837735,50.97308646293627,448.12686300709055,115.5730334889788,1.3823966756156039
2026-03-14 21:30:00,P-03,87.23015560259957,61.59141505852321,614.8171525736562,125.16184158255157,1.6160260040873486
2026-03-14 21:40:00,P-01,84.51912270295128,49.67678061264745,453.0267649124954,115.40726968919311,1.5123158614702095
2026-03-14 21:40:00,P-02,84.45971196694744,49.76124669414036,445.4506792179235,121.83416796031294,1.7780205368890627
2026-03-14 21:40:00,P-03,86.61436939661814,74.58843991322732,396.9338045163307,113.53138727114808,1.686796411574518
2026-03-14 21:50:00,P-01,85.8995310330869,49.248251983184474,443.41085290919256,112.78842967664964,1.513892852480019
2026-03-14 21:50:00,P-02,87.08114033201717,49.56455380944799,452.1743103029466,115.98622606207535,1.8577203031176879
2026-03-14 21:50:00,P-03,85.14084868082922,43.11723381186532,533.11445447059,123.9732611218824,1.61311090438162
2026-03-14 22:00:00,P-01,86.93080464677064,49.863918287781544,453.3716424109015,120.34774687514813,1.454027999249171
2026-03-14 22:00:00,P-02,86.09423042982469,49.6759418542845,444.25404286996945,118.5276075705361,1.5150544382222273
2026-03-14 22:00:00,P-03,84.35379939322632,57.545862417348076,341.99831669092475,124.4753404365077,1.6197088552856758
2026-03-14 22:10:00,P-01,87.46377840046743,49.66914035338337,453.5191939431882,124.00299645146089,1.663105000573283
2026-03-14 22:10:00,P-02,86.17101241349376,47.89833901529707,448.5703152291026,119.70352474376419,1.5293806197192563
2026-03-14 22:10:00,P-03,85.62413838956226,56.08307936286551,437.6506028219325,118.42133752475034,1.6794432113481264
2026-03-14 22:20:00,P-01,83.09109850283394,49.9560110021653,446.7243229766109,120.13046834952394,1.2790219857095522
2026-03-14 22:20:00,P-02,83.31499863850182,48.19453393100665,446.20611802185016,122.25453824813769,1.6871342481298153
2026-03-14 22:20:00,P-03,87.82331062684617,47.113895490588185,337.36144706809273,121.21317196874102,1.345253159520062
2026-03-14 22:30:00,P-01,86.70059052835774,49.51524688394941,447.23089685301164,118.64543275238518,1.180996289374959
2026-03-14 22:30:00,P-02,85.03487660976,50.77758773298256,450.5422787892216,123.51363583766954,1.7841939208828548
2026-03-14 22:30:00,P-03,85.3730579478801,47.086281402081404,349.5598926984561,118.18081448718209,1.1361131746100281
2026-03-14 22:40:00,P-01,83.99905824543828,50.139762039149495,450.0686668422787,123.70687353197965,1.1268073738204414
2026-03-14 22:40:00,P-02,82.53231594146314,50.80059759169585,445.83127821610134,119.56560064474374,1.6301614728803957
2026-03-14 22:40:00,P-03,84.14138790373116,43.319906194485014,419.8521279623627,118.870687457461,1.5141900326671236
2026-03-14 22:50:00,P-01,85.91291780087882,50.51751735405738,451.7183452535414,120.51593935041237,1.4907308324924797
2026-03-14 22:50:00,P-02,87.2107804949399,50.40325364210839,452.12960437921026,120.13163202640837,1.7188997383244116
2026-03-14 22:50:00,P-03,87.3531225285594,27.759179938210437,491.75557520115933,122.23183249536258,1.8340079991759926
2026-03-14 23:00:00,P-01,83.74908345283744,48.866635744796284,454.5812122050689,122.72985680525338,1.43978060107008
2026-03-14 23:00:00,P-02,85.715092007851,50.274236770682805,442.39671076607266,115.42695110484944,1.5256878509412086
2026-03-14 23:00:00,P-03,85.14336396291965,58.0520393275778,447.80704233011875,121.38510396212638,1.638906397073252
2026-03-14 23:10:00,P-01,85.79683814824006,49.91578755664109,455.820069397471,116.44673373159137,1.4956255103594185
2026-03-14 23:10:00,P-02,84.23619172024141,51.27335538170513,452.346666735413,120.56029235791833,1.624643920088037
2026-03-14 23:10:00,P-03,86.67678054137022,47.459916823554444,562.4737673877103,124.00049523808792,1.6296991818943218
2026-03-14 23:20:00,P-01,83.5009255349128,49.87457518221266,444.2408662207612,120.95243062778322,1.505931865762671
2026-03-14 23:20:00,P-02,82.50511135632685,50.74213152416034,448.5724583140274,115.60049782970478,1.695200973593267
2026-03-14 23:20:00,P-03,86.48487363362352,52.66265998675762,574.2351594026705,122.04242042032318,1.7781986415854818
2026-03-14 23:30:00,P-01,85.32837717284478,50.00103533490304,458.7914835035225,121.66166048419602,1.617815355669255
2026-03-14 23:30:00,P-02,85.90339839097712,49.74297967068108,450.86920726792874,119.23690520171232,1.7723664063346174
2026-03-14 23:30:00,P-03,84.73190324396215,42.99832271430276,354.518770077178,131.16305513896782,1.3783799981525493
2026-03-14 23:40:00,P-01,83.00701870363736,51.014407922705445,450.51237818679164,122.2012281894373,1.5299244561366045
2026-03-14 23:40:00,P-02,86.64643091716083,50.002550817789555,460.5662927619653,114.2049500945493,1.536937972289144
2026-03-14 23:40:00,P-03,84.01475134923302,56.57623968821203,619.6386661595238,116.21671719945923,1.5462725417963494
2026-03-14 23:50:00,P-01,86.19289208083981,49.38615140118402,446.7364060868394,115.78265970111904,1.601397124502337
2026-03-14 23:50:00,P-02,82.62208424457786,51.25548229232885,446.93075610965406,119.38412573351685,1.5366161375671867
2026-03-14 23:50:00,P-03,88.20751131617601,51.91376091696323,439.93157517743384,120.27072101038364,1.5753885826938163
2026-03-15 00:00:00,P-01,86.27187057422768,50.69482120664717,452.06019794179053,117.85889344840483,1.3341559113106558
2026-03-15 00:00:00,P-02,85.19754063438137,49.29079596561176,445.6355419078688,121.32042763713733,1.0571248547282355
2026-03-15 00:00:00,P-03,81.63260465395882,49.65532832695397,563.3024177144111,117.24514940452933,1.3406059809924282
2026-03-15 00:10:00,P-01,83.30324914509116,48.77820061901402,459.50200099134275,121.31786436647859,1.5137870628896108
2026-03-15 00:10:00,P-02,85.16240053503127,50.94785772485481,439.71869924899624,118.15812271326028,1.5136332464870583
2026-03-15 00:10:00,P-03,85.12882243070055,65.59301427266713,371.66172805206725,125.22195059897778,1.0687705504190466
2026-03-15 00:20:00,P-01,87.21230294720046,49.743890682664436,444.78795213141717,124.69754760283172,1.6581648752502394
2026-03-15 00:20:00,P-02,86.89238917521995,48.415759729412905,457.30313778177026,124.88945803166513,1.624191069116063
2026-03-15 00:20:00,P-03,83.39847211902922,55.49508497947116,606.6284148027086,117.39500099371622,1.2732804663626456
2026-03-15 00:30:00,P-01,88.83196785662612,50.531674679841935,452.2724091472101,119.21231019968985,1.5731139226187658
2026-03-15 00:30:00,P-02,83.56657995033592,50.70295778844541,449.04120228372614,120.1284671070091,1.5231185771844744
2026-03-15 00:30:00,P-03,83.41141710298345,56.84518045933751,355.385009782014,120.12252220338026,1.3362194192679937
2026-03-15 00:40:00,P-01,86.49577343099494,49.00419823911553,444.25756448128726,112.97729983009535,1.2790258697742607
2026-03-15 00:40:00,P-02,83.63571943984199,48.867950379450484,449.01273705696565,120.19139089691524,1.3860425309951105
2026-03-15 00:40:00,P-03,85.5684045398108,57.286010694746366,577.1036709120549,117.66153833566983,1.552518632700708
2026-03-15 00:50:00,P-01,81.59190923449141,51.49565295504381,446.0579171106497,121.9150705225543,1.289299358518253
2026-03-15 00:50:00,P-02,85.24967879274132,48.99683935990441,449.46688485021036,124.68301955681734,1.4418690825189457
2026-03-15 00:50:00,P-03,83.9876477783621,52.08383693022903,422.4795017907446,129.00621642970103,1.3965442500391312
2026-03-15 01:00:00,P-01,88.07465197763462,50.186270933435885,456.6916221108328,118.35706425479876,1.5566740321637493
2026-03-15 01:00:00,P-02,85.26297142681604,51.51675922597583,447.12726366283965,116.4945032066351,1.55478080588053
2026-03-15 01:00:00,P-03,86.28585339524322,53.67888744993406,332.03831263801396,121.51755386475743,1.6633236580572586
2026-03-15 01:10:00,P-01,88.63251766574034,50.29579094106206,445.72530405809204,116.21857170480585,1.4206139466230288
2026-03-15 01:10:00,P-02,84.68470450881549,49.78355628040286,461.1612718470177,120.77898356265632,1.5511531705216062
2026-03-15 01:10:00,P-03,82.49791710169089,32.03158863996497,443.8699479119324,115.67855930330286,0.9802601579551539
2026-03-15 01:20:00,P-01,85.81962827817983,49.67022016388982,447.34459562562705,119.97219203031896,1.2646725675715
2026-03-15 01:20:00,P-02,83.73307652276051,50.86477348297212,448.8777668062234,117.79088936670527,1.5124513776026214
2026-03-15 01:20:00,P-03,85.73778294475005,43.608155408319796,437.4021630542564,119.84513708433158,1.387731281868813
2026-03-15 01:30:00,P-01,84.64251774256127,50.06333339586783,449.67879206649405,120.85564913854905,1.4527256759794533
2026-03-15 01:30:00,P-02,88.36012699009616,49.61026558945643,450.6529062167982,120.5247020937946,1.6705276279661463
2026-03-15 01:30:00,P-03,85.00924280684819,49.0761016030733,501.94877155358853,121.8810188888475,1.3577226052000948
2026-03-15 01:40:00,P-01,85.21091481450001,49.72341718414864,447.9728712035306,117.66067490467329,1.4355631361155934
2026-03-15 01:40:00,P-02,89.13536764580823,47.67090934936394,435.63029903815607,125.31378587201684,1.3201274145157922
2026-03-15 01:40:00,P-03,86.90455656603793,54.51506409793657,330.0995701527704,118.48440560555495,1.6225053689259332
2026-03-15 01:50:00,P-01,84.30631932415945,50.83406970978303,453.36153050424895,123.82184297474609,1.3450811129063
2026-03-15 01:50:00,P-02,87.28962120469502,48.78373931648375,451.01193853256456,116.55750564311529,1.2137208923348823
2026-03-15 01:50:00,P-03,84.73346085502764,64.82218436498947,448.273074781426,119.40298400518238,1.586736147236783
2026-03-15 02:00:00,P-01,83.18471775418713,50.26341226870759,457.39888495172295,120.9034523082151,1.4814986297877497
2026-03-15 02:00:00,P-02,85.2279467420311,50.17856682230833,452.62275561488843,125.61140554747115,1.1717337320567958
2026-03-15 02:00:00,P-03,81.28700970026232,70.64983222513037,372.83745747658094,116.45350125471586,1.4468716463800682
2026-03-15 02:10:00,P-01,84.67090056897851,49.416182546523196,445.0257586389469,122.15253581787091,1.64039186170228
2026-03-15 02:10:00,P-02,84.54540285839207,50.59901787021016,452.77289943557486,118.8835114060263,2.0414523835863165
2026-03-15 02:10:00,P-03,85.75562698903646,53.32509552551594,573.7644117526223,119.2014711514768,1.7483929968409107
2026-03-15 02:20:00,P-01,85.20396134555708,49.89908019151995,456.6970009805712,125.62935925991698,1.5192843253641353
2026-03-15 02:20:00,P-02,86.68292842391321,49.387551029474935,440.8793097838211,120.75612936880204,1.2180773504799027
2026-03-15 02:20:00,P-03,88.8143189162589,52.451035017405765,418.5720387742021,121.07159237145444,1.2780688851692519
2026-03-15 02:30:00,P-01,88.62867685306377,50.98436158989384,455.96673646692847,120.04284820739755,1.6238827487258884
2026-03-15 02:30:00,P-02,84.4047451441464,49.76676655641905,460.2024633326531,118.73921243277915,1.5967546570521851
2026-03-15 02:30:00,P-03,88.16535608686198,50.99748471087966,431.17436261953054,124.89253908711702,1.8847583494596258
2026-03-15 02:40:00,P-01,79.56087576206295,50.82860301930966,450.06922745693305,119.3113342422222,1.53882496169741
2026-03-15 02:40:00,P-02,87.20898628661399,50.099538044390535,448.7886313342011,119.30561511600165,1.655634316739862
2026-03-15 02:40:00,P-03,85.15979353318991,49.45857293744146,368.4641181275938,112.0427230049208,2.006496609815366
2026-03-15 02:50:00,P-01,84.54596552177753,48.473038862679246,454.97609450340104,121.97477199804058,1.5638124962515496
2026-03-15 02:50:00,P-02,83.4916878003352,51.77198774520725,443.7350466486472,115.5786462397915,1.720151085054167
2026-03-15 02:50:00,P-03,84.97474308715664,33.458915464083354,376.84393947378726,123.93090933179892,1.5026102523451899
2026-03-15 03:00:00,P-01,85.28974537937913,50.003742171793306,439.64265267351414,120.46830741001186,1.7015021354656619
2026-03-15 03:00:00,P-02,86.58737730382244,51.37352668412037,446.98028828676985,115.25966506733012,1.4821152413064873
2026-03-15 03:00:00,P-03,79.64382053725815,41.17309134133859,685.0908780774809,120.88011014180366,1.6048962192669516
2026-03-15 03:10:00,P-01,85.99624603201731,50.25290850898918,455.2962107645825,119.12343171372966,1.192168618192032
2026-03-15 03:10:00,P-02,84.46266505779053,48.776185786098026,456.659070444703,116.60804499385574,1.5741710992932794
2026-03-15 03:10:00,P-03,83.73318229079767,55.943133241325036,448.0368287991132,123.8630429538406,1.5037442366152538
2026-03-15 03:20:00,P-01,83.85730607151962,50.771354617918455,443.23438020264547,116.157774041888,1.7912078840438905
2026-03-15 03:20:00,P-02,83.45842592252866,48.74189427163784,437.8775544067863,115.89183386817858,1.52323869906817
2026-03-15 03:20:00,P-03,84.93373428312059,53.64694624208816,405.49686635887053,127.14517242555986,1.4388677072393747
2026-03-15 03:30:00,P-01,80.91294306649584,48.73698251277729,444.80219991577513,119.96314940945201,1.5693131721391145
2026-03-15 03:30:00,P-02,85.96932034989132,51.616122982960825,447.3777608730082,116.36449550179489,1.4497329958175045
2026-03-15 03:30:00,P-03,84.8815686142188,50.90501287592241,598.9852072024485,117.16257448807426,1.3304170813104832
2026-03-15 03:40:00,P-01,85.65522764946486,50.35787908594596,446.7546079533596,127.20625739402357,1.3476371760223067
2026-03-15 03:40:00,P-02,84.7424972383831,51.00279692504986,448.25615099058996,115.46243462212057,1.6017192065738923
2026-03-15 03:40:00,P-03,82.82166810728519,48.267347382133586,486.5239836525399,113.45177553353024,1.1276348503070963
2026-03-15 03:50:00,P-01,84.14646834579649,50.984135109063594,452.1814703627602,122.20773979673643,1.575538555075403
2026-03-15 03:50:00,P-02,82.22565063512683,49.696348849626624,446.8219251140028,121.18441550437355,1.6102245804371973
2026-03-15 03:50:00,P-03,84.98044995073272,41.736873052641776,360.2574545408903,119.23415035575454,1.7833337142873709
2026-03-15 04:00:00,P-01,83.8614779540791,50.16983149669512,441.92426362793117,115.73679441171927,1.49775021587515
2026-03-15 04:00:00,P-02,82.75194127846129,51.78322641378867,446.5801515094077,120.37499916825335,1.2530824753911909
2026-03-15 04:00:00,P-03,83.63784756196013,37.50130112130715,458.44765016916085,113.23669083066952,1.3572337495490276
2026-03-15 04:10:00,P-01,84.4844147373086,50.47192948165016,449.86761062394027,112.43748645545547,1.430752711865764
2026-03-15 04:10:00,P-02,85.41239965603552,49.21353766796337,449.27056294573777,123.58342633760384,1.4149092670949417
2026-03-15 04:10:00,P-03,84.4203576652619,52.622791851017176,567.0928537970437,113.72633367986693,1.288681661156376
2026-03-15 04:20:00,P-01,88.02713398086637,50.17242007003388,447.9536246687159,120.42785832073247,1.4158676691127272
2026-03-15 04:20:00,P-02,86.61821331040312,50.983678934461295,448.13390129838814,122.10244673980506,1.3767224444766362
2026-03-15 04:20:00,P-03,83.03841418768089,68.93442431877662,400.27960210034144,120.66155159594247,1.2779337260171206
2026-03-15 04:30:00,P-01,84.51978316904372,50.15028171559536,456.4382837897337,127.27093270188428,1.4069523572076563
2026-03-15 04:30:00,P-02,84.66711322120197,52.78313173592434,446.681544319125,122.4667083696098,1.9206528842722244
2026-03-15 04:30:00,P-03,82.4161143797345,59.07808933064179,340.1056221770352,120.29363800293457,1.377729486401691
2026-03-15 04:40:00,P-01,83.00053720587742,49.33167272869351,452.00764017468504,120.20521847127445,1.6476847559077186
2026-03-15 04:40:00,P-02,83.84866640687127,49.16982526583395,456.6381414475861,124.31601553409638,1.4993537026344537
2026-03-15 04:40:00,P-03,86.05316329789866,63.867737982191464,335.8807136293231,114.18178098378914,1.566398004614185
2026-03-15 04:50:00,P-01,84.76110735749421,50.386250858194146,450.09494101336315,117.14690367110484,1.9081297890677358
2026-03-15 04:50:00,P-02,83.2915020742985,48.070973054860715,446.6074697400528,123.45070950269164,1.3747932696776488
2026-03-15 04:50:00,P-03,85.02492555640298,62.25793611041422,390.780018280529,116.13357496756878,1.6482315400027072
2026-03-15 05:00:00,P-01,83.1443889765191,51.254120879860686,449.2574390989089,120.15908862915974,1.6783939564834107
2026-03-15 05:00:00,P-02,79.11292217296878,49.98845061344568,452.2502207278492,117.05634234726098,1.3615860932089314
2026-03-15 05:00:00,P-03,81.15891592928946,52.73959854358116,414.2819556673652,124.26984104812846,1.682770808377634
2026-03-15 05:10:00,P-01,81.96856171222079,50.138316884037714,454.3091792803532,121.01891650801409,1.6061179905816885
2026-03-15 05:10:00,P-02,85.50080159160706,49.48596594625338,453.19133460621987,120.87510817223362,1.3485254979208159
2026-03-15 05:10:00,P-03,83.78624935332454,38.06144067556029,520.3514309036844,122.35112897440146,1.2922357809487497
2026-03-15 05:20:00,P-01,86.51015882297682,50.691734677022936,448.60888226787455,119.62139933267713,1.6162494859084318
2026-03-15 05:20:00,P-02,85.81764033359772,51.42303946302871,446.05064991302265,124.09397183505799,1.2225471513356438
2026-03-15 05:20:00,P-03,85.98710085823173,77.08513986381827,505.03803667311786,118.70079319119885,1.6537567557051505
2026-03-15 05:30:00,P-01,84.80998817557396,49.34527984979706,445.22726215170024,115.16766139930147,1.47969989460953
2026-03-15 05:30:00,P-02,86.82268278930212,50.90591058315947,439.87221136541615,123.78932589798241,1.8901722906715552
2026-03-15 05:30:00,P-03,81.840929996401,47.960073098026754,443.3783050743054,117.05070878959911,1.4035187770450144
2026-03-15 05:40:00,P-01,85.25257433895496,50.200255477305504,450.39892341236424,120.44627671621019,1.4932415741438678
2026-03-15 05:40:00,P-02,82.9503989350199,49.62054902234413,454.40747264609456,120.07390285951716,1.3692147983365563
2026-03-15 05:40:00,P-03,88.86512115349814,54.23434148029176,407.58235594075984,120.24935313474786,1.34547993885169
2026-03-15 05:50:00,P-01,83.57429253574131,51.397030792965985,446.24474903444957,117.0622515325885,1.3041117825070438
2026-03-15 05:50:00,P-02,87.33254169518746,49.130206233645005,450.5512592535423,118.46505777864787,1.3111120312531197
2026-03-15 05:50:00,P-03,84.95017861487277,61.84024839612628,649.2798717487317,121.1227700029192,1.3839403624713713
2026-03-15 06:00:00,P-01,83.64546562168809,50.77344152925499,448.17351360982747,120.28448154616524,1.4957884397217667
2026-03-15 06:00:00,P-02,79.43359700671797,51.35584121734933,449.3776574400313,119.44621155320016,1.4055512129771266
2026-03-15 06:00:00,P-03,86.36630261817861,59.891195288652796,468.18462418552343,121.08143422431391,1.4789887230511352
2026-03-15 06:10:00,P-01,81.9243621807045,51.87196054522333,452.10740434664,120.46874077732456,1.6745654816889906
2026-03-15 06:10:00,P-02,88.38733552928056,50.52440983497385,443.612280817119,115.46682323284753,1.6178201849825073
2026-03-15 06:10:00,P-03,82.89537706274385,71.90789676399741,329.61680679033293,118.45531731774338,1.4726333810668568
2026-03-15 06:20:00,P-01,84.84196794588202,51.93684730445896,444.5373665113146,118.89306682702285,1.4277887852439595
2026-03-15 06:20:00,P-02,84.93437627314162,49.91232248965746,453.73340687954266,120.39439722313233,1.7730705818774144
2026-03-15 06:20:00,P-03,87.75394079500472,49.998535468165855,595.8588344480239,120.17172040943275,1.0850711574799112
2026-03-15 06:30:00,P-01,86.17381099942081,49.65361494000069,451.1670895947544,124.05775082611754,1.407500817350715
2026-03-15 06:30:00,P-02,83.51771228993965,50.06650367139621,450.0869694409363,121.22687462953185,1.2292210296345905
2026-03-15 06:30:00,P-03,86.57623854515283,39.04231777959992,380.9648449740498,115.7732523921126,1.770894073289125
2026-03-15 06:40:00,P-01,86.2295571036962,50.82250766760375,439.3258652160394,123.02651498064292,1.7061597254610932
2026-03-15 06:40:00,P-02,83.31036757281359,49.408975897092816,455.7262346558216,118.65448958019297,1.3362790912073137
2026-03-15 06:40:00,P-03,89.16828745101085,32.59249632221209,596.0713799013147,123.71586526792419,1.574347281606239
2026-03-15 06:50:00,P-01,84.06280483033393,50.400411872852786,438.33844115258995,117.10981134993217,1.3926935371029725
2026-03-15 06:50:00,P-02,84.66868026464543,49.37987620199955,447.34263433485677,115.6955770577604,1.632004017234458
2026-03-15 06:50:00,P-03,87.95942332909557,40.482131267171226,419.90909299207215,121.57559536927245,1.4190721640328123
2026-03-15 07:00:00,P-01,82.74720121065,50.9751512792561,449.55624414846164,121.48367461797625,1.2250270008408577
2026-03-15 07:00:00,P-02,83.05583726668989,48.26537831440469,446.25993865944014,116.56084480052327,1.5755316550441787
2026-03-15 07:00:00,P-03,87.36843041506229,46.12492905024844,333.57005479496576,119.18166053012968,1.4800606385555517
2026-03-15 07:10:00,P-01,83.57153631423878,51.14443127708068,445.90420790472365,120.28600372258134,1.4789305858018245
2026-03-15 07:10:00,P-02,83.87035120797377,50.51209343956752,452.55789589339037,119.0978622622851,1.6384621238887778
2026-03-15 07:10:00,P-03,83.02740259596362,59.513874789254345,452.68124855961327,124.41646291855287,1.7823559051591693
2026-03-15 07:20:00,P-01,85.84796378004907,51.46735302234424,451.5871732965353,125.35791797018997,1.5867461014181903
2026-03-15 07:20:00,P-02,81.31701529606838,47.668432206594886,446.4556459816904,120.21156939051545,1.3843354352425539
2026-03-15 07:20:00,P-03,86.3698851867351,49.28457128579331,322.53760169259925,118.53303332510004,0.9229138231267795
2026-03-15 07:30:00,P-01,84.81898969739157,45.78799960925044,454.2839034445736,118.67901988359446,1.4628638400364944
2026-03-15 07:30:00,P-02,84.10310303084864,50.22141885825236,457.4876696015363,118.31671242379313,1.6550018028282276
2026-03-15 07:30:00,P-03,84.91189232028493,41.562182288905255,462.5486642745724,120.8877881742315,1.5366169851622058
2026-03-15 07:40:00,P-01,85.01948035580986,52.123093334847646,452.6203114060841,119.83001910638149,1.4546912494417685
2026-03-15 07:40:00,P-02,86.0926708224626,52.18104597900671,452.5116180414319,117.46047876344416,1.7384063361769182
2026-03-15 07:40:00,P-03,85.02788090554746,47.70079641004642,445.9211745271885,123.82348187924343,1.351193342204136
2026-03-15 07:50:00,P-01,86.36825602351409,49.707588729874274,446.4297586671345,120.45714489538652,1.7100104784694803
2026-03-15 07:50:00,P-02,82.82792050530132,51.898385800324014,452.88510596774506,120.01109852789882,1.2817356358397547
2026-03-15 07:50:00,P-03,85.98285958308323,59.1438694109763,545.3837213490133,116.25673450184112,1.9030185571966605
2026-03-15 08:00:00,P-01,81.74287349587773,50.92642469500319,451.39046828089545,113.26090819694963,1.8321256681172713
2026-03-15 08:00:00,P-02,86.20232750971643,51.85991953024028,453.6640351487431,123.51529413575807,1.351147807345133
2026-03-15 08:00:00,P-03,86.93003086669606,45.82048734808578,504.7138882547783,116.83317308942037,1.6743593943977158
2026-03-15 08:10:00,P-01,86.21370615599454,50.57121405823766,455.2227933069579,118.30123458563709,1.6485226991652286
2026-03-15 08:10:00,P-02,87.15331959951129,50.346744937923525,454.64957429183545,119.2611360276779,1.4285473505322455
2026-03-15 08:10:00,P-03,85.03457158519427,52.271274758414904,498.24604058614983,120.29480740654364,1.3432532350165238
2026-03-15 08:20:00,P-01,84.79071533554453,49.335624390766505,453.63178479006746,119.9375218257675,1.1835619460929045
2026-03-15 08:20:00,P-02,82.90853330051412,49.34087599677779,455.2484908175182,117.78448578826662,1.416786392998227
2026-03-15 08:20:00,P-03,83.87729413674244,49.470876424635385,377.7511630699999,120.12214052075558,1.1775902501349833
2026-03-15 08:30:00,P-01,85.79677145640478,48.28915540855135,450.96134995301867,121.23678586948493,1.6616543546807543
2026-03-15 08:30:00,P-02,83.37916149676786,51.018583755969374,450.37187047468825,118.99719065490419,1.403072891767115
2026-03-15 08:30:00,P-03,85.43561273937773,74.4726563659498,440.4273510350804,120.18068537620209,1.331462847765931
2026-03-15 08:40:00,P-01,84.3796504434298,51.2235527574233,458.0699626409637,122.00860260407566,1.7287359337870098
2026-03-15 08:40:00,P-02,81.98165997206544,48.62661918727702,454.4443411754013,119.09296724483293,1.3128791339614552
2026-03-15 08:40:00,P-03,81.77639532793869,55.75466664588132,300.6486997262433,121.08098365652383,1.5766521010672612
2026-03-15 08:50:00,P-01,82.86987364247814,49.92306509633969,454.19058582459405,115.91517813630077,1.1224809915703442
2026-03-15 08:50:00,P-02,85.07144295525963,48.19594044671114,450.39448417013966,122.22887481074416,1.396614272890622
2026-03-15 08:50:00,P-03,87.17069144563843,38.931832821116764,414.9058958907184,124.09216628412058,1.773963638625363
2026-03-15 09:00:00,P-01,88.56096080008442,51.21725241029363,450.53007863402826,124.71492843778304,1.4374962492972927
2026-03-15 09:00:00,P-02,83.97840591064404,51.20681825242663,452.4146501576623,124.15076868818448,1.5686039606636275
2026-03-15 09:00:00,P-03,85.04641050713154,52.74224730926474,545.7241842929487,121.58310855090178,1.3662862941003093
2026-03-15 09:10:00,P-01,86.24761849418297,51.3049796042544,446.7724407048295,115.31945498117318,1.6572214237426293
2026-03-15 09:10:00,P-02,84.17323106651156,49.10396873475177,443.7122841959866,116.49459085434279,1.1979998690479727
2026-03-15 09:10:00,P-03,85.90637998318894,39.17556321022986,399.63093095718256,118.79743593987608,1.698479485850723
2026-03-15 09:20:00,P-01,87.92417596566199,52.147866995126435,456.7212032103568,119.2830785753855,1.5007103577925824
2026-03-15 09:20:00,P-02,82.53760446351923,50.46108581597767,453.3883744082397,118.21380084569334,1.2051277365850879
2026-03-15 09:20:00,P-03,86.42707099008553,46.698895581253296,461.16978506757573,124.4403056366527,1.3374782597632229
2026-03-15 09:30:00,P-01,87.24648621683048,49.992440129517206,448.27605532855,118.14571129845243,1.583446925630688
2026-03-15 09:30:00,P-02,83.53697124919033,49.41891799399807,452.2506315720855,121.84736476595464,1.458575544790592
2026-03-15 09:30:00,P-03,85.15332047223508,38.73165782495451,526.614942843384,121.3027011399952,1.2932134317834487
2026-03-15 09:40:00,P-01,84.66890346244223,49.94438565190329,445.3484277687705,115.70075821880772,1.6079734935685743
2026-03-15 09:40:00,P-02,85.47309357349222,47.907263053475624,452.9292883296626,120.94919087775722,1.3073623413445135
2026-03-15 09:40:00,P-03,82.09876613105062,44.90771832123685,511.55939928625475,115.98739459341462,1.3266530038529882
2026-03-15 09:50:00,P-01,87.68759022983453,49.034670631581065,452.62743380794694,118.95916859138704,1.618623836264896
2026-03-15 09:50:00,P-02,84.48165814548477,50.59997549910867,456.0438134550261,117.5812865329639,1.4132027250431123
2026-03-15 09:50:00,P-03,85.31201897567071,49.548103711250874,509.0752797600968,121.9069433445801,1.6048037065571985
2026-03-15 10:00:00,P-01,86.44619624580606,50.80611711300751,446.25514617231585,113.86585923465998,1.4563770353724073
2026-03-15 10:00:00,P-02,86.36335292264168,50.47723866017772,448.6911062948578,119.28797210920229,1.3799925279402152
2026-03-15 10:00:00,P-03,80.84965142622463,48.11554989846725,446.2828374010628,120.91079635048222,1.4724423473654118
2026-03-15 10:10:00,P-01,87.21173024647604,50.43109823474094,444.45665500325043,122.78770392936093,1.309843061010019
2026-03-15 10:10:00,P-02,86.12488890285397,52.31975452413877,447.0662010659989,122.58973925408158,1.4562657112428175
2026-03-15 10:10:00,P-03,83.79501668884049,56.910959216529015,429.3299758246931,119.33697518785286,1.629946049775769
2026-03-15 10:20:00,P-01,84.16884506294608,48.59636029755361,450.0447760129179,120.27328247469984,1.5700593192135446
2026-03-15 10:20:00,P-02,84.15077617165207,49.24314550578921,439.5301168119943,118.04946621189006,1.7740719739716269
2026-03-15 10:20:00,P-03,81.83536167659881,60.174512333442294,572.2999388734196,121.82045706175847,1.200192790130062
2026-03-15 10:30:00,P-01,82.480713234957,49.969901972989504,450.48199937050737,121.71369743319426,1.530328387067406
2026-03-15 10:30:00,P-02,84.45139268619911,47.969226951173695,447.6666625422767,122.23075989739394,1.6479611516440775
2026-03-15 10:30:00,P-03,87.10684269256761,63.688151366413884,399.3835475134804,118.76426637317029,1.4895607702730345
2026-03-15 10:40:00,P-01,84.65507995279677,49.462630396292006,443.9549353356657,122.74826166065384,1.7496001173366307
2026-03-15 10:40:00,P-02,85.02842506275,51.22928144814299,443.5253926529439,121.35849338053704,1.5839575731493651
2026-03-15 10:40:00,P-03,87.81835628702372,59.57057449764434,476.8569630965278,116.805700698938,1.5509191917544307
2026-03-15 10:50:00,P-01,86.59527146294982,52.1468122324419,456.91517153350173,122.46763969163328,1.6756255877959585
2026-03-15 10:50:00,P-02,86.4924533909001,48.85524180850676,441.76351892984377,120.07419995339191,1.3920146307243684
2026-03-15 10:50:00,P-03,87.45319707734647,43.26297403860534,537.1691381415866,120.06605876585797,1.779328600657112
2026-03-15 11:00:00,P-01,82.7507660956237,50.28576887629287,443.0096550986904,119.80162600392903,1.5698749924475084
2026-03-15 11:00:00,P-02,84.72873026869547,49.40663084319303,451.6395016859968,119.64246539763893,1.3237344394932444
2026-03-15 11:00:00,P-03,83.96590659728835,47.19922663704718,526.4044320398901,122.40531350330824,1.4709409606304205
2026-03-15 11:10:00,P-01,86.19613655783968,49.52200278482854,458.43340901705056,119.20822124945194,1.3748034981831219
2026-03-15 11:10:00,P-02,82.58431589808886,48.366563616979995,455.8347437869465,115.52607312289793,1.6847387377513525
2026-03-15 11:10:00,P-03,85.76454147297405,54.008977357020356,503.79740216304043,123.44070290715959,1.5239236653710413
2026-03-15 11:20:00,P-01,86.87332713305597,50.6700322078129,449.21668595163277,119.88389764562308,1.206898593250434
2026-03-15 11:20:00,P-02,85.30259774900429,49.845556512278264,450.80665268320246,114.93083394497519,1.5715830467494831
2026-03-15 11:20:00,P-03,84.65021574383331,54.61336526866769,354.01388891193034,120.10659712215153,1.792751609587811
2026-03-15 11:30:00,P-01,85.76178460122702,50.04292087729062,452.9423079776109,119.30717153380321,1.5979536251279203
2026-03-15 11:30:00,P-02,84.51940770263286,51.96258635010974,440.31937434391494,118.45685874005423,1.5058256895371147
2026-03-15 11:30:00,P-03,86.2990813506285,54.375997812388114,539.1307941291815,114.14745989716015,1.3182029909839976
2026-03-15 11:40:00,P-01,86.74558544379384,50.3476175607143,450.0391107791004,114.35336354524155,1.9453890327419345
2026-03-15 11:40:00,P-02,85.06562116505535,48.45924015349232,451.2081449645844,117.89193902197295,1.408278258561916
2026-03-15 11:40:00,P-03,81.66769942029148,60.06988418118614,415.0904445852733,126.31318535669337,1.3805126531763523
2026-03-15 11:50:00,P-01,83.65176941157787,48.415014802411136,441.5209535675961,126.25087180642412,1.4121765661503827
2026-03-15 11:50:00,P-02,85.45863838554767,50.30443589369527,451.40842675074055,122.20598944763417,1.4257505864005335
2026-03-15 11:50:00,P-03,85.76622910393239,48.11439026875407,390.48918920651676,124.9957470840667,1.4990263332795106
2026-03-15 12:00:00,P-01,83.17685273245152,51.48987127401104,452.76822383553895,122.72738790154938,1.5311561149944348
2026-03-15 12:00:00,P-02,87.80048082687948,49.21658862294344,458.58104851127626,115.4882868124821,1.4573180022618104
2026-03-15 12:00:00,P-03,90.06633883337209,54.80450122290331,393.78973210493734,120.50020986548293,1.299876166619522
2026-03-15 12:10:00,P-01,88.29233467374135,48.678778258035955,452.3826191039183,126.68971759115321,2.0460271918591717
2026-03-15 12:10:00,P-02,86.36795063122912,50.61257368839894,452.3609495931213,119.40467641611595,1.5546806348707864
2026-03-15 12:10:00,P-03,88.7385913434363,45.21373200734586,446.5769642650895,116.22352040700235,1.3219677376248058
2026-03-15 12:20:00,P-01,83.8683806404378,49.67642800781883,449.36530124050233,117.36673356432826,1.476484823015401
2026-03-15 12:20:00,P-02,84.36208160401686,50.0147824811642,455.6863014502604,120.5837420781657,1.2870570295403136
2026-03-15 12:20:00,P-03,84.87394631379885,57.29889159401096,404.68446853771326,123.90769333395708,1.488901880334874
2026-03-15 12:30:00,P-01,82.94099636572876,50.21051393375816,460.41859973088975,122.3454336944141,1.7828277727985131
2026-03-15 12:30:00,P-02,84.32049953061912,50.81047088296362,449.9565745407422,123.32226288126839,1.3153649949293749
2026-03-15 12:30:00,P-03,86.18149593734887,40.219217832267674,472.84665758674885,115.44570359142568,1.639537526905096
2026-03-15 12:40:00,P-01,81.8158731161581,48.49806174629521,445.7412686462619,122.2533311954342,1.4483402474353624
2026-03-15 12:40:00,P-02,84.69037602222906,49.25746361917808,444.2970774495067,117.12387020749325,1.8917619252417701
2026-03-15 12:40:00,P-03,86.97451116560212,62.31416871692104,492.419728318033,127.11849019373207,1.8406815765797069
2026-03-15 12:50:00,P-01,84.72022996045828,51.160192070294386,442.11651295575444,118.64341189768707,1.3843343460181095
2026-03-15 12:50:00,P-02,88.01281811113097,50.71343518400689,456.49868521418375,123.527966831134,1.5364203701345347
2026-03-15 12:50:00,P-03,85.87775352055891,65.14049130092178,393.65891997282085,118.82134132355802,1.468814816606097
2026-03-15 13:00:00,P-01,88.1244542151165,49.93008305798792,449.9030373703177,126.44678753269152,1.6622559173754063
2026-03-15 13:00:00,P-02,84.19349938226031,50.05660420785458,450.81506836306096,122.0327773876142,1.4534420536730626
2026-03-15 13:00:00,P-03,83.676174590776,32.68902471932025,414.9756321730007,116.59071180033297,1.4944500585328093
2026-03-15 13:10:00,P-01,86.08666510472678,50.283881065907465,454.031333442441,117.2794961029039,1.502330599401813
2026-03-15 13:10:00,P-02,83.70483423318751,47.19547782475848,442.0132726023385,120.33189884238348,1.392332301908233
2026-03-15 13:10:00,P-03,83.50705275699593,57.273832928436065,439.7908653673422,114.12503325790456,1.5729138768609352
2026-03-15 13:20:00,P-01,84.83063966100059,51.761921479819875,458.9549496712825,123.4362723669205,1.6250780093574178
2026-03-15 13:20:00,P-02,83.83432674690727,49.535372460956864,444.6506922265403,122.59566598023798,1.8569326699422237
2026-03-15 13:20:00,P-03,85.20973646954099,45.823638055241105,432.1058144387843,123.64185756797112,1.4423125750224286
2026-03-15 13:30:00,P-01,83.36631366340742,51.18720834284177,445.36798333537183,119.74109586327891,1.439575483054198
2026-03-15 13:30:00,P-02,85.662360718632,50.16949593161796,452.0900085860345,120.50268065322399,1.3487985039740198
2026-03-15 13:30:00,P-03,87.13548664961355,55.668785930127434,416.0610143659759,119.10464567659326,1.4489408630368306
2026-03-15 13:40:00,P-01,83.13255776419774,50.51389319515244,441.86193296133786,121.80582559636,1.7167747606423231
2026-03-15 13:40:00,P-02,84.12577389269427,50.26175225656531,443.66485955668986,123.43362697755192,1.3736058366341224
2026-03-15 13:40:00,P-03,85.09662444534312,58.80442636953947,428.0188949721312,119.02304430927276,1.6064710432286153
2026-03-15 13:50:00,P-01,84.8691579242866,52.486097912638975,448.8907785221589,119.39997988201313,1.557347194438391
2026-03-15 13:50:00,P-02,85.62722590801579,50.63594537323248,451.550656336644,123.01816108599942,1.400554625911522
2026-03-15 13:50:00,P-03,82.35734102604835,64.98144833055618,334.00216223791523,125.12666780747632,1.5907076420295472
2026-03-15 14:00:00,P-01,86.83591845099153,50.41824621081306,445.1858590437039,118.11176862060148,1.752570724440559
2026-03-15 14:00:00,P-02,87.1659693521919,49.17560335150987,441.17341721060006,122.99533885891897,1.2562262460078957
2026-03-15 14:00:00,P-03,83.47690160232655,49.29241423773188,440.7390677827371,119.58822491638071,1.522882004655145
2026-03-15 14:10:00,P-01,86.06947994129771,50.850274304522536,448.1577316875422,120.03358102508719,1.8185054115948727
2026-03-15 14:10:00,P-02,83.52859086213259,51.241904112363635,443.0458500412918,116.93383235862225,1.539764347042517
2026-03-15 14:10:00,P-03,84.5545316400073,62.272814742331335,363.2826422741632,123.62808197090379,1.7466583460917353
2026-03-15 14:20:00,P-01,85.55269027773033,50.09298391533148,447.03571689955857,119.9618856805698,1.1274425497670426
2026-03-15 14:20:00,P-02,85.59742850635794,47.88093293265206,443.19378344033345,117.70913491828101,1.523475259353423
2026-03-15 14:20:00,P-03,80.67942932287738,52.350988933211696,487.928636330558,115.55517324138881,1.5545881331324056
2026-03-15 14:30:00,P-01,85.40090579998737,50.77835068142388,457.35129031517675,119.22114877142616,1.564995393301988
2026-03-15 14:30:00,P-02,83.45484055036148,50.20723638988109,451.0929082537884,121.2605044681471,1.4908562953235154
2026-03-15 14:30:00,P-03,87.69719312444077,45.75800591364258,371.74566005032455,123.87902424721945,1.5502379712153112
2026-03-15 14:40:00,P-01,86.54149321427244,49.67567791552226,454.759236506841,119.66769880233643,1.595327792695893
2026-03-15 14:40:00,P-02,86.51832335684752,49.93196199429869,448.842241887651,117.02705225979084,1.5641543537280327
2026-03-15 14:40:00,P-03,86.58834026205969,56.250403297561306,440.1511274696611,117.60375480530104,1.5762911719192176
2026-03-15 14:50:00,P-01,82.48830373252252,50.136552135647236,448.7931887693603,123.02811337612806,1.425673527879742
2026-03-15 14:50:00,P-02,82.51250781060418,48.99764570509115,445.62484491403336,118.87681287603262,1.5016345370932949
2026-03-15 14:50:00,P-03,83.75649573306383,40.157994215557174,356.9365650105391,119.75575744104535,1.5901217997931136
2026-03-15 15:00:00,P-01,85.8428584092044,50.10187246997018,453.3958283812881,118.48356669731682,1.4838902496040396
2026-03-15 15:00:00,P-02,86.27217820456822,50.66569331413483,453.16528100747934,119.24682651677384,1.5354083585511917
2026-03-15 15:00:00,P-03,84.70727546110294,42.956504339482514,442.4937663223003,125.02113913827694,1.3809663861315198
2026-03-15 15:10:00,P-01,84.65576199446144,49.67229165252181,443.498922689997,122.3929513535135,1.6368658790390012
2026-03-15 15:10:00,P-02,85.30740372486889,49.53988278969686,452.67885364239635,117.8917176230826,1.4890440430925145
2026-03-15 15:10:00,P-03,85.4504927088245,35.00300633005286,518.9108848553465,119.46736103829922,1.4860782699720745
2026-03-15 15:20:00,P-01,86.01822761924264,49.23787872226394,451.0452114669563,115.57116426574699,1.6992530103124341
2026-03-15 15:20:00,P-02,86.32414358375743,50.62727201117071,447.9582328156323,116.40425600810651,1.5086855289185819
2026-03-15 15:20:00,P-03,85.56363967020626,63.06754614748024,418.1334227861423,120.47793276105465,1.3548252286710438
2026-03-15 15:30:00,P-01,86.3201853158286,50.11267411475536,451.77147382216316,118.77104693468993,1.4917146756639352
2026-03-15 15:30:00,P-02,81.18402763734476,50.65000624160097,460.42366828957717,119.5467011740452,1.555711640235832
2026-03-15 15:30:00,P-03,88.2210381591629,50.56284299794079,395.80767091878096,117.9181136565979,1.6878581301636646
2026-03-15 15:40:00,P-01,85.83885395825118,49.945478948350335,453.81612985051044,120.1090173449073,1.2743593332106964
2026-03-15 15:40:00,P-02,89.55141841844237,49.07197787700317,441.19813980492296,124.9982265594945,1.3845838070198568
2026-03-15 15:40:00,P-03,85.769631505372,49.90990437684371,416.18819224657585,120.73517593232445,1.3867310224708058
2026-03-15 15:50:00,P-01,84.75292174214351,49.008138656838725,440.545752887244,120.63759815312568,1.450126682475371
2026-03-15 15:50:00,P-02,84.76676769657347,49.92607163313557,449.88171213689094,121.5440526639359,1.7430630889329704
2026-03-15 15:50:00,P-03,84.06487653901303,39.3672330024239,411.897839501755,117.52660143072623,1.447166261790647
2026-03-15 16:00:00,P-01,83.592250346758,50.90400662868705,455.47596163722636,121.24877003127509,1.5833260706799268
2026-03-15 16:00:00,P-02,82.78490704744218,47.95686467809703,453.1716328455483,118.6451785331682,1.322831653744283
2026-03-15 16:00:00,P-03,84.73763001080792,56.42004207763416,589.8305528914494,120.70810043782357,1.409330687790848
2026-03-15 16:10:00,P-01,88.01909358470076,49.58770501644282,443.0107420379516,122.39991865572225,1.3346064373430155
2026-03-15 16:10:00,P-02,86.23658935374361,49.27991312576034,455.5562364052136,119.08238697229753,1.73954992041848
2026-03-15 16:10:00,P-03,85.71216222050157,54.54515017654155,569.0727512218605,117.34178356250554,1.6063747429925688
2026-03-15 16:20:00,P-01,83.19726765614054,49.71890672475661,456.7870806443672,113.86952172417035,1.3115608807420784
2026-03-15 16:20:00,P-02,83.04582793506974,50.05505918130808,442.6982244047325,119.77888108772733,1.83190232976294
2026-03-15 16:20:00,P-03,84.71939760286936,58.415047716327656,504.09166082621533,123.41652553699294,1.1724333825717466
2026-03-15 16:30:00,P-01,84.11767302116682,48.60515472857977,461.8365916192407,121.63830691177344,1.554743787012926
2026-03-15 16:30:00,P-02,86.9058921321357,49.439349085277854,450.87975709889173,123.48861839595035,1.6005488685051805
2026-03-15 16:30:00,P-03,85.92753636283707,54.866740169949196,379.20088484511945,119.45882151229745,1.48070358429441
2026-03-15 16:40:00,P-01,84.6024411809015,51.76254093715026,462.52376833431396,118.1938885903982,1.7696467357854349
2026-03-15 16:40:00,P-02,85.29966557297821,50.72912305244244,455.46487368704913,115.35123096709194,1.3306175693193814
2026-03-15 16:40:00,P-03,88.70989088479715,55.57139871163067,467.50193076626084,117.57134522433715,1.4032339734341335
2026-03-15 16:50:00,P-01,85.69714100959517,49.692439026323,441.9896153349111,124.4604407884116,1.4739536058804703
2026-03-15 16:50:00,P-02,84.69555382811518,48.694445719191314,455.75152109175514,117.05213310401834,0.9491509064208676
2026-03-15 16:50:00,P-03,87.78030316718028,61.14979997396737,414.16365999238934,118.63416075696519,1.228190932173563
2026-03-15 17:00:00,P-01,86.38830132264471,49.41154489059677,446.94128978978836,119.96141628130798,1.2909856168639482
2026-03-15 17:00:00,P-02,87.64946847566902,49.66388380415891,455.01261115220234,121.42111130905391,1.6161636899756906
2026-03-15 17:00:00,P-03,85.77805760009507,29.632535802073914,461.4317512727621,120.25834397739293,1.4274813760541554
2026-03-15 17:10:00,P-01,86.3788646452854,48.99679967764986,455.85678846932524,117.96390855330922,1.8693628477816329
2026-03-15 17:10:00,P-02,83.80738628298734,50.750683532159485,452.1694370389665,120.3938385761258,1.695344605472994
2026-03-15 17:10:00,P-03,84.1759921785966,54.754894474750124,389.91750230698636,121.43402411587256,1.8149076276799174
2026-03-15 17:20:00,P-01,84.71670214376331,52.10253447897588,443.9259589099913,118.66440586568793,1.5008096598382716
2026-03-15 17:20:00,P-02,83.37024011014245,48.85681177486027,455.0704359524048,118.48404420704532,1.5982283960622596
2026-03-15 17:20:00,P-03,85.66425238425546,49.26808256019719,394.6009540695763,119.04045902030221,1.7345719307825291
2026-03-15 17:30:00,P-01,85.88279331000356,52.561994038291154,451.4928272784566,114.57192347332962,1.410711050377535
2026-03-15 17:30:00,P-02,84.34354042075243,50.61732746924414,454.62356505734,121.45215099702179,1.5018911595352646
2026-03-15 17:30:00,P-03,85.64045332862064,58.78618312910118,438.61758717406747,119.43177552956088,1.4507772257734992
2026-03-15 17:40:00,P-01,84.78270773791796,49.98798469077592,450.00564690893736,116.66465717531456,1.0971476573010723
2026-03-15 17:40:00,P-02,85.0122345654116,51.60307859474237,453.4615590238124,123.48987197315094,1.779754751345488
2026-03-15 17:40:00,P-03,84.0077022333925,51.71698705243883,442.79387699188555,121.65876725466035,1.424377382420379
2026-03-15 17:50:00,P-01,82.03517250716924,50.972973138907975,447.2248467266915,123.12271757778052,1.5475862149005588
2026-03-15 17:50:00,P-02,82.73522484343265,50.17295748880323,438.27480726140016,121.37486053460843,1.1592736911725858
2026-03-15 17:50:00,P-03,85.49444976900209,28.11996188800778,409.8341797101368,118.18179768161431,1.3702922677569775
2026-03-15 18:00:00,P-01,83.34102146202113,50.33301248058511,450.449219270234,121.10271376602338,1.2474926547383907
2026-03-15 18:00:00,P-02,80.6838832522514,49.63731222647127,449.4079522226711,117.61420184024183,1.3058607081799662
2026-03-15 18:00:00,P-03,86.67675096834701,44.272487857227155,561.023503237219,119.01619931733772,1.2478387261996078
2026-03-15 18:10:00,P-01,85.15787693769848,50.949022164643644,451.15834373505027,120.50146304484672,1.2345621001678062
2026-03-15 18:10:00,P-02,84.94987448399357,50.996142490034266,447.5976545401697,125.77354477741775,1.485468786085701
2026-03-15 18:10:00,P-03,84.91851213707255,54.556145443914886,468.432555365313,117.85104592459025,1.7092731162491654
2026-03-15 18:20:00,P-01,79.86238192225449,50.53768414446212,451.9913801602541,122.91725181341268,1.4679023925848371
2026-03-15 18:20:00,P-02,85.3309878113359,50.79324735243773,452.3989184165479,120.75082503012989,1.3877492008615988
2026-03-15 18:20:00,P-03,83.02025380430744,41.04528572870688,350.87836792490754,117.18766077113244,1.5266006963136474
2026-03-15 18:30:00,P-01,85.81771297717903,49.853503662018184,450.72875601685604,122.78633644001944,1.3603490590065161
2026-03-15 18:30:00,P-02,83.16149080746868,50.7311914275948,448.1238249997453,111.92135708501313,1.5767595061558124
2026-03-15 18:30:00,P-03,85.57108703569413,59.830436333134,428.63140696836535,119.75724071231973,1.3985222603909848
2026-03-15 18:40:00,P-01,87.26772578915535,49.80650577114156,454.33007370596374,120.64123961302059,1.8859824141950354
2026-03-15 18:40:00,P-02,85.1644395225247,49.48758744168116,454.5189087500098,112.86128767137771,1.155889425907271
2026-03-15 18:40:00,P-03,83.86741340167978,67.0773051951526,482.7704790978142,114.86934249348799,1.4022623127403648
2026-03-15 18:50:00,P-01,85.46185810715887,49.47100469527841,446.51773807899986,119.84140827477641,1.4244470800996802
2026-03-15 18:50:00,P-02,88.63105387830274,50.25165304725931,446.7264397478326,129.3895029015499,1.7965178834871904
2026-03-15 18:50:00,P-03,83.75823416274416,55.896007909158676,521.7847095099615,118.85123702884025,1.465215570536298
2026-03-15 19:00:00,P-01,87.13680354283292,50.62415019613398,455.02263043854,117.3458884434794,1.4533767694565902
2026-03-15 19:00:00,P-02,84.37649563230725,48.192280028882294,446.35186982419054,116.75540247628956,1.8343477345955626
2026-03-15 19:00:00,P-03,84.03706151909651,46.36230793029114,535.2007037311688,119.29734001707007,1.722473412678036
2026-03-15 19:10:00,P-01,83.57698795693318,50.552514790018265,451.33712798540404,114.82761837142782,1.719019199544372
2026-03-15 19:10:00,P-02,86.22080429397937,48.77282422864702,448.2634649574413,117.27804023445907,1.458845469500807
2026-03-15 19:10:00,P-03,86.15890474469259,59.37925196862232,574.5880573681011,118.57923353345713,1.7253028658784952
2026-03-15 19:20:00,P-01,85.98943217147448,49.93396602752049,450.6587735597328,124.78288961703296,1.277109921788566
2026-03-15 19:20:00,P-02,83.01875115735668,48.055105690882094,450.4321758897528,120.01916232914537,1.6914892552143153
2026-03-15 19:20:00,P-03,87.36395841883396,43.42256428137782,523.360833134837,123.93250962116602,1.3551639345534028
2026-03-15 19:30:00,P-01,86.93838259907824,50.601011642519026,455.0339117600087,116.79819098433842,1.2633801939590632
2026-03-15 19:30:00,P-02,86.67844176723096,49.111767252504755,446.05814244035855,122.27100081630878,0.9638169201905089
2026-03-15 19:30:00,P-03,83.82996891370865,60.170982310992876,395.9781599631617,121.84240571158213,1.8209351806913348
2026-03-15 19:40:00,P-01,85.5377427193291,47.6168508478738,452.5754243023208,119.83239215239126,1.7313625183023391
2026-03-15 19:40:00,P-02,82.63132092688396,51.337592806489816,451.8042570504744,120.2811515195876,1.5432542939389677
2026-03-15 19:40:00,P-03,85.30141110048702,46.812167120790185,326.3661907545353,113.92315530979589,1.5490200280901811
2026-03-15 19:50:00,P-01,84.81184381495223,50.09159928951411,451.7760094051967,114.8495043033675,1.4522229737392065
2026-03-15 19:50:00,P-02,86.90008402283095,51.1090010981293,439.7371803121365,122.15784479032581,1.4765582934775712
2026-03-15 19:50:00,P-03,82.18758449149271,47.772414618411666,420.19368719111714,118.4685406954742,1.6252131011384092
2026-03-15 20:00:00,P-01,85.21045990309078,51.793895256609886,446.9773791110827,116.43255480655681,1.5939850091197552
2026-03-15 20:00:00,P-02,87.66135361681526,49.834669898499044,451.3716577726087,126.15944839177966,1.7304870897335585
2026-03-15 20:00:00,P-03,82.20790361831051,79.0379914309962,587.6621517722659,117.34106530859488,1.3456695904444271
2026-03-15 20:10:00,P-01,81.70225793711133,48.008211157371676,452.3738783778428,123.20337210033516,1.6861504047039286
2026-03-15 20:10:00,P-02,85.56760838262792,51.191259721064796,450.34462820040704,118.69005291056675,1.533085325976057
2026-03-15 20:10:00,P-03,84.4340971450341,56.39955966544991,386.43496130891396,120.11665141539066,1.91431124413893
2026-03-15 20:20:00,P-01,85.85643383377075,50.90912455536695,446.1152674117647,129.0754737509029,1.3449274292900064
2026-03-15 20:20:00,P-02,83.47607866685786,48.36344070092945,444.8914967539935,122.05932745425969,1.5226292570548519
2026-03-15 20:20:00,P-03,89.50954940365904,53.23080874315027,414.7221724273653,119.12253961607385,1.1245905479998535
2026-03-15 20:30:00,P-01,90.0089971520368,49.94056384604609,450.5867186323912,124.04420441570578,1.495585887845774
2026-03-15 20:30:00,P-02,82.60105702951999,50.09868144221757,451.93666452745805,115.81564368766148,1.5012171167336115
2026-03-15 20:30:00,P-03,89.44282162472402,33.30374953867641,445.37421240456575,125.8823667413634,2.04147349942334
2026-03-15 20:40:00,P-01,81.30969235070793,51.28092386587904,452.735308139878,122.20518990534636,1.3521970197803383
2026-03-15 20:40:00,P-02,82.44894506219379,48.95012993891662,442.63334361782256,119.30261462337118,1.398203095384962
2026-03-15 20:40:00,P-03,84.64664392230374,67.0619285384445,402.15835958209084,127.19858426273609,1.6450527789243967
2026-03-15 20:50:00,P-01,84.13007430200686,50.381959805107854,448.402039165827,120.8496907115987,1.4063374644694553
2026-03-15 20:50:00,P-02,85.36741769599261,47.6205092435523,450.1585543133405,120.94005179213966,1.6121202611697223
2026-03-15 20:50:00,P-03,86.47112809387154,69.01407907586949,462.6088682685707,117.28548596077324,1.3675726330853628
2026-03-15 21:00:00,P-01,82.82058409991674,49.202540626009096,456.45885092765946,118.15996378324924,1.7982947105755822
2026-03-15 21:00:00,P-02,84.36204502052504,50.47413484121309,452.3398080187804,117.42367344025072,1.6315983894026291
2026-03-15 21:00:00,P-03,82.69210790619384,43.88395021240255,325.43298263860123,123.15408140663999,1.5916568904014106
2026-03-15 21:10:00,P-01,84.52404878978052,49.87850425381898,446.84875781399705,123.77310764233732,1.541996343020667
2026-03-15 21:10:00,P-02,86.088463426125,49.41748239457786,449.17135673667644,119.24753801121113,1.5701516008721745
2026-03-15 21:10:00,P-03,87.61071856739707,43.88846589451366,370.04030825632,121.97778197008687,1.7084751649744938
2026-03-15 21:20:00,P-01,81.96967880791142,51.89021092752535,451.83724825349145,116.9573239815306,1.4679233105793867
2026-03-15 21:20:00,P-02,86.52566686422311,50.13912271777707,452.6488789045704,119.2248324084898,1.4531259197144755
2026-03-15 21:20:00,P-03,86.47964961217315,45.64476438683285,574.1835249167283,120.60704677494442,1.5367973727884727
2026-03-15 21:30:00,P-01,85.56121773415963,49.92725277934967,450.7733387415329,121.55017738511732,1.6792174366745445
2026-03-15 21:30:00,P-02,84.26575175461281,51.5459076522535,444.42281551317063,120.77509467109024,1.6943790176630609
2026-03-15 21:30:00,P-03,85.83345688069559,36.39709432219336,386.07611016983424,121.55859825404698,1.638307661982842
2026-03-15 21:40:00,P-01,87.43810877560647,50.48504526758233,446.84371793012656,120.97317288932256,1.4103776420711245
2026-03-15 21:40:00,P-02,89.0396173618591,49.34164087545889,445.2394182626802,124.99133454458904,1.6227131743320284
2026-03-15 21:40:00,P-03,83.24923361162702,44.03810267908504,436.47867793162334,120.09856241785775,1.5175196281474705
2026-03-15 21:50:00,P-01,85.30585826666919,48.01541211773367,451.8769695305737,117.4040282276777,1.4507428213301055
2026-03-15 21:50:00,P-02,86.32645548960055,50.71779595812674,434.76206942567285,120.48998212120968,1.7937244740771545
2026-03-15 21:50:00,P-03,85.33277980627899,44.05709442577956,384.31487158417343,120.65865325523713,1.1607989434135948
2026-03-15 22:00:00,P-01,80.23573639723185,49.26450325786843,451.67626636321154,120.65337968642133,1.529585144208953
2026-03-15 22:00:00,P-02,81.62861542328338,50.431240568893976,450.6849032158458,124.20089333345142,1.3384400836424741
2026-03-15 22:00:00,P-03,83.0448686811014,56.04653038322714,561.2184087438033,121.59938303688868,1.4794921418236908
2026-03-15 22:10:00,P-01,83.35463536092297,48.044931779114,452.6661221079018,120.52945732990517,1.341385146833764
2026-03-15 22:10:00,P-02,84.00360010919003,50.694030929850484,445.2838013101061,115.72638757463156,1.47966584269559
2026-03-15 22:10:00,P-03,85.25593998678603,42.71849358174309,485.06842356157665,119.8025799975087,1.2515297130718335
2026-03-15 22:20:00,P-01,85.36482525715444,49.538813126842335,454.0106552242084,120.35654670015255,1.2023664803310734
2026-03-15 22:20:00,P-02,88.5546727099794,49.292241750721416,437.071926791493,121.60719355439885,1.1840560025986266
2026-03-15 22:20:00,P-03,83.7492833838976,76.82190631543301,560.5614289947814,120.58116787871981,1.3685191133927916
2026-03-15 22:30:00,P-01,82.65534737131658,50.32098037452057,445.1418210867984,116.14749459094571,1.9155314780462953
2026-03-15 22:30:00,P-02,84.04971600060657,48.54391514271029,439.14571435819,118.85884934204432,1.5748418076862176
2026-03-15 22:30:00,P-03,84.6543452392591,51.7083102388318,630.0576746054663,120.69530570179408,1.8072340568413219
